Workbook
Name _Hlk127452852: Gajendra!#REF!
Name _Hlk133227457: Yogesh!$I$86
Name _Hlk147505528: Yogesh!$L$61

Sheet Summary
B1: KARDEXLCS:LIVE OFFER FUNNEL,ACTUALS,DEVIATIONS-2026 | S1: =((T1*94)/12)*1000 -> 23515667 | T1: 3002 | U1: =T1/12 -> 250.16667
B3: OffersHighlights | Q3: Forecast | S3: WEST | T3: SOUTH | U3: NORTH | V3: EAST
Q4: January | R4: =SUM(S4:V4) -> 24074198 | S4: =SUM(Yogesh!F4+Ashraf!AE3+Rahul!AE3+Minesh!AE3) -> 7924702 | T4: =SUM(Gajendra!F4+Pradeep!F4+Sasi!F4) -> 16149496 | U4: =SUM(Vinay!AF3+Nitin!AD4) -> 0 | V4: =Pankaj!AF3 -> 0 | AA4: FromDay1ofeachMonth
B5: Zone | C5: No.ofOffers | D5: OffersValue | E5: OrdersReceived | F5: OpenFunnel | G5: OrderBooking | H5: BUforBooking/2026 | I5: % | J5: BalanceBU | Q5: February | R5: =SUM(S5:V5) -> #REF! | S5: =SUM(Yogesh!F5+Ashraf!AE4+Rahul!AE4+Minesh!AE4) -> 3030491 | T5: =SUM(Gajendra!#REF!+Pradeep!AF5+Sasi!AF5) -> #REF! | U5: =SUM(Vinay!AF4+Nitin!AD5) -> 0 | V5: =Pankaj!AF4 -> 0 | W5: Q1Forecast | X5: Q1BU | Y5: Dev | AA5: Month | AB5: Forecast | AC5: Euro | AD5: StartoftheMonth | AE5: WEST | AF5: SOUTH | AG5: NORTH | AH5: EAST
B6: WEST | C6: =Yogesh!B3+Ashraf!B5+Minesh!B3+Rahul!B3 -> 92 | D6: =C28 -> 72189018 | E6: =D28 -> 16021239 | F6: =Yogesh!X3+Ashraf!X3+Rahul!X3+Minesh!X3 -> 55510963 | G6: =E28 -> 0 | H6: 148500000 | I6: =(H6-G6)/-H6 -> -1 | J6: =H6-G6 -> 148500000 | Q6: March | R6: =SUM(S6:V6) -> #REF! | S6: =SUM(Yogesh!F6+Ashraf!AE5+Rahul!AE5+Minesh!AE5) -> 9822543 | T6: =SUM(Gajendra!#REF!+Pradeep!AF6+Sasi!AF6) -> #REF! | U6: =SUM(Vinay!AF5+Nitin!AD6) -> 0 | V6: =Pankaj!AF5 -> 0 | W6: =SUM(R4:R6) -> #REF! | X6: =S1*3 -> 70547000 | Y6: =SUM(W6-X6)/X6 -> #REF! | AA6: FEB | AB6: =SUM(AE6:AH6) -> 39877565 | AC6: =(AB6/$S$97)/1000 -> 428.79102 | AD6: Febrauary | AE6: 9286760 | AF6: 12347508 | AG6: 17539857 | AH6: 703440
B7: SOUTH | C7: =Gajendra!B3+Pradeep!B3+Sasi!B3 -> 76 | D7: =C45 -> 46386663 | E7: =D45 -> 20071254 | F7: =Gajendra!X3+Pradeep!X3+Sasi!X3 -> 26594061 | G7: =E45 -> 0 | H7: 131625000 | I7: =(H7-G7)/-H7 -> -1 | J7: =H7-G7 -> 131625000 | Q7: April | R7: =SUM(S7:V7) -> #REF! | S7: =SUM(Yogesh!K4+Ashraf!AE6+Rahul!AE6+Minesh!AE6) -> 0 | T7: =SUM(Gajendra!#REF!+Pradeep!#REF!+Sasi!#REF!) -> #REF! | U7: =SUM(Vinay!AF6+Nitin!#REF!) -> #REF! | V7: =Pankaj!AF6 -> 0 | AA7: MAR | AB7: =SUM(AE7:AH7) -> 24653350 | AC7: =(AB7/$S$97)/1000 -> 265.08979 | AD7: March | AE7: 8359399 | AF7: 15286310 | AG7: 1007641 | AH7: 0
B8: NORTH | C8: =Nitin!B3+Vinay!B3 -> 99 | D8: =C62 -> 37280737 | E8: =D62 -> 0 | F8: =Vinay!V5+Nitin!V5 -> 0 | G8: =E62 -> 0 | H8: 47250000 | I8: =(H8-G8)/-H8 -> -1 | J8: =H8-G8 -> 47250000 | Q8: May | R8: =SUM(S8:V8) -> #REF! | S8: =SUM(Yogesh!K5+Ashraf!#REF!+Rahul!#REF!+Minesh!#REF!) -> #REF! | T8: =SUM(Gajendra!#REF!+Pradeep!#REF!+Sasi!#REF!) -> #REF! | U8: =Vinay!#REF!+Nitin!#REF! -> #REF! | V8: =Pankaj!#REF! -> #REF! | W8: Q2Forecast | X8: Q2BU | Y8: Dev | AA8: APR | AB8: =SUM(AE8:AH8) -> 53554063 | AC8: =(AB8/$S$97)/1000 -> 575.85014 | AD8: April | AE8: 35536379 | AF8: 16382704 | AG8: 1634980 | AH8: 0
B9: EAST | C9: =Pankaj!B3 -> 9 | D9: =C79 -> 6040529 | E9: =D79 -> 0 | F9: =Pankaj!V5 -> 0 | G9: =E79 -> 0 | H9: 10125000 | I9: =(H9-G9)/-H9 -> -1 | J9: =H9-G9 -> 10125000 | Q9: June | R9: =SUM(S9:V9) -> #REF! | S9: =SUM(Yogesh!K6+Ashraf!#REF!+Rahul!#REF!+Minesh!#REF!) -> #REF! | T9: =SUM(Gajendra!#REF!+Pradeep!#REF!+Sasi!#REF!) -> #REF! | U9: =SUM(Vinay!#REF!+Nitin!#REF!) -> #REF! | V9: =Pankaj!#REF! -> #REF! | W9: =SUM(R7:R9) -> #REF! | X9: =S1*3 -> 70547000 | Y9: =SUM(W9-X9)/X9 -> #REF! | AA9: MAY | AB9: =SUM(AE9:AH9) -> 45486916 | AC9: =(AB9/$S$97)/1000 -> 489.10662 | AD9: May | AE9: 27968195 | AF9: 9505075.8 | AG9: 6429763 | AH9: 1583882
B10: Total | C10: =SUM(C6:C9) -> 276 | D10: =SUM(D6:D9) -> 1.6189695e+08 | E10: =SUM(E6:E9) -> 36092493 | F10: =SUM(F6:F9) -> 82105024 | G10: =SUM(G6:G9) -> 0 | H10: =SUM(H6:H9) -> 337500000 | I10: =(H10-G10)/-H10 -> -1 | J10: =H10-G10 -> 337500000 | Q10: July | R10: =SUM(S10:V10) -> #REF! | S10: =SUM(Yogesh!P4+Ashraf!#REF!+Rahul!#REF!+Minesh!#REF!) -> #REF! | T10: =SUM(Gajendra!#REF!+Pradeep!#REF!+Sasi!#REF!) -> #REF! | U10: =SUM(Vinay!#REF!+Nitin!#REF!) -> #REF! | V10: =Pankaj!#REF! -> #REF! | AA10: JUN | AB10: =SUM(AE10:AH10) -> 37217079 | AC10: =(AB10/$S$97)/1000 -> 400.18365 | AD10: June | AE10: 24125701 | AF10: 11748673 | AG10: 1203007 | AH10: 139698
Q11: August | R11: =SUM(S11:V11) -> #REF! | S11: =SUM(Yogesh!P5+Ashraf!#REF!+Rahul!#REF!+Minesh!#REF!) -> #REF! | T11: =SUM(Gajendra!#REF!+Pradeep!#REF!+Sasi!#REF!) -> #REF! | U11: =SUM(Vinay!#REF!+Nitin!#REF!) -> #REF! | V11: =Pankaj!#REF! -> #REF! | W11: Q3Forecast | X11: Q3BU | Y11: Dev | AA11: JULY | AB11: =SUM(AE11:AH11) -> 23876033 | AC11: =(AB11/$S$97)/1000 -> 256.73154 | AD11: July | AE11: 8954264 | AF11: 14251915 | AG11: 265000 | AH11: 404854
B12: NOTE:*Marked fields will be filled by Girija | Q12: September | R12: =SUM(S12:V12) -> #REF! | S12: =SUM(Yogesh!P6+Ashraf!#REF!+Rahul!#REF!+Minesh!#REF!) -> #REF! | T12: =SUM(Gajendra!#REF!+Pradeep!#REF!+Sasi!#REF!) -> #REF! | U12: =SUM(Vinay!#REF!+Nitin!#REF!) -> #REF! | V12: =Pankaj!#REF! -> #REF! | W12: =SUM(R10:R12) -> #REF! | X12: =S1*3 -> 70547000 | Y12: =SUM(W12-X12)/X12 -> #REF! | AA12: AUG | AB12: =SUM(AE12:AH12) -> 48070994 | AC12: =(AB12/$S$97)/1000 -> 516.89241 | AD12: August | AE12: 20686301 | AF12: 25365441 | AG12: 1879554 | AH12: 139698
H13: =H6 -> 148500000 | K13: HITRATE | L13: =D28/C28 -> 0.22193457 | Q13: October | R13: =SUM(S13:V13) -> #REF! | S13: =SUM(Yogesh!U4+Ashraf!#REF!+Rahul!#REF!+Minesh!#REF!) -> #REF! | T13: =SUM(Gajendra!AF7+Pradeep!#REF!+Sasi!#REF!) -> #REF! | U13: =SUM(Vinay!#REF!+Nitin!#REF!) -> #REF! | V13: =Pankaj!#REF! -> #REF! | AA13: Sept | AB13: =SUM(AE13:AH13) -> 0 | AC13: =(AB13/$S$97)/1000 -> 0 | AD13: September
B14: WEST | Q14: November | R14: =SUM(S14:V14) -> #REF! | S14: =SUM(Yogesh!U5+Ashraf!#REF!+Rahul!#REF!+Minesh!#REF!) -> #REF! | T14: =SUM(Gajendra!AF8+Pradeep!#REF!+Sasi!#REF!) -> #REF! | U14: =SUM(Vinay!#REF!+Nitin!#REF!) -> #REF! | V14: =Pankaj!#REF! -> #REF! | W14: Q4Forecast | X14: Q4BU | Y14: Dev | AA14: Oct | AB14: =SUM(AE14:AH14) -> 0 | AC14: =(AB14/$S$97)/1000 -> 0 | AD14: October
B15: Month | C15: Offers/Value | D15: OrderReceived | E15: *OrdersBooked | F15: DevORvsBooked | G15: *OrdersIn-Hand | H15: BU/Monthly | I15: BookedvsBU | J15: %Dev | K15: OfferBUMonthly | L15: %Dev | Q15: December | R15: =SUM(S15:V15) -> #REF! | S15: =SUM(Yogesh!U6+Ashraf!#REF!+Rahul!#REF!+Minesh!#REF!) -> #REF! | T15: =SUM(Gajendra!AF9+Pradeep!#REF!+Sasi!#REF!) -> #REF! | U15: =SUM(Vinay!#REF!+Nitin!#REF!) -> #REF! | V15: =Pankaj!#REF! -> #REF! | W15: =SUM(R13:R15) -> #REF! | X15: =S1*3 -> 70547000 | Y15: =SUM(W15-X15)/X15 -> #REF! | AA15: Nov | AB15: =SUM(AE15:AH15) -> 0 | AC15: =(AB15/$S$97)/1000 -> 0 | AD15: November
B16: Januray | C16: =Yogesh!D4+Ashraf!D4+Rahul!D4+Minesh!D4 -> 68643485 | D16: =Yogesh!E4+Ashraf!E4+Rahul!E4+Minesh!E4 -> 15643879 | F16: =D16-E16 -> 15643879 | H16: =$H$13/12 -> 12375000 | I16: =H16-E16 -> 12375000 | J16: =(E16-H16)/E16 -> #DIV/0! | K16: =H16*4 -> 49500000 | L16: =(K16-C16)/K16 -> -0.38673707 | AA16: Dec | AB16: =SUM(AE16:AH16) -> 0 | AC16: =(AB16/$S$97)/1000 -> 0 | AD16: December
B17: Febraury | C17: =Yogesh!D5+Ashraf!D5+Rahul!D5+Minesh!D5 -> 3545533 | D17: =Yogesh!E5+Ashraf!E5+Rahul!E5+Minesh!E5 -> 377360 | F17: =D17-E17 -> 377360 | H17: =$H$13/12 -> 12375000 | I17: =H17-E17 -> 12375000 | J17: =(E17-H17)/E17 -> #DIV/0! | K17: =H17*4 -> 49500000 | L17: =(K17-C17)/K17 -> 0.92837307 | Q17: Producttype | R17: Yogesh | S17: Ashraf | T17: Rahul | U17: Minesh | V17: WEST | X17: Producttype | Y17: TotalofAllZones
B18: March | C18: =Yogesh!D6+Ashraf!D6+Rahul!D6+Minesh!D6 -> 0 | D18: =Yogesh!E6+Ashraf!E6+Rahul!E6+Minesh!E6 -> 0 | F18: =D18-E18 -> 0 | H18: =$H$13/12 -> 12375000 | I18: =H18-E18 -> 12375000 | J18: =(E18-H18)/E18 -> #DIV/0! | K18: =H18*4 -> 49500000 | L18: =(K18-C18)/K18 -> 1 | Q18: Contract | R18: =SUMIF(Yogesh!$J$8:$J$121,"Contract",Yogesh!$N$8:$N$122) -> 1768409 | S18: =SUMIF(Ashraf!$J$7:$J$119,"Contract",Ashraf!$N$7:$N$120) -> 3505000 | T18: =SUMIF(Rahul!$J$7:$J$111,"Contract",Rahul!$N$7:$N$112) -> 6047555 | U18: =SUMIF(Minesh!$J$7:$J$111,"Contract",Minesh!$N$7:$N$112) -> 3774885 | V18: =SUM(R18:U18) -> 15095849 | X18: Contract | Y18: =SUM(R18:X18) -> 30191698
B19: April | C19: =Yogesh!I4+Ashraf!I4+Rahul!I4+Minesh!I4 -> 0 | D19: =Yogesh!J4+Ashraf!J4+Rahul!J4+Minesh!J4 -> 0 | F19: =D19-E19 -> 0 | H19: =$H$13/12 -> 12375000 | I19: =H19-E19 -> 12375000 | J19: =(E19-H19)/E19 -> #DIV/0! | K19: =H19*4 -> 49500000 | L19: =(K19-C19)/K19 -> 1 | Q19: BDSpare | R19: =SUMIF(Yogesh!$J$9:$J$122,"BDSpare",Yogesh!$N$9:S34) -> 0 | S19: =SUMIF(Ashraf!$J$7:$J$120,"BDSpare",Ashraf!$N$7:T43) -> 0 | T19: =SUMIF(Rahul!$J$7:$J$112,"BDSpare",Rahul!$N$7:U24) -> 0 | U19: =SUMIF(Minesh!$J$7:$J$112,"BDSpare",Minesh!$N$7:V24) -> 0 | V19: =SUM(R19:U19) -> 0 | X19: BDSpare | Y19: =SUM(R19:X19) -> 0
B20: May | C20: =Yogesh!I5+Ashraf!I5+Rahul!I5+Minesh!I5 -> 0 | D20: =Yogesh!J5+Ashraf!J5+Rahul!J5+Minesh!J5 -> 0 | F20: =D20-E20 -> 0 | H20: =$H$13/12 -> 12375000 | I20: =H20-E20 -> 12375000 | J20: =(E20-H20)/E20 -> #DIV/0! | K20: =H20*4 -> 49500000 | L20: =(K20-C20)/K20 -> 1 | Q20: SPP | R20: =SUMIF(Yogesh!$J$10:$J$123,"SPP",Yogesh!$N$10:$N$124) -> 6778394 | S20: =SUMIF(Ashraf!$J$7:$J$121,"SPP",Ashraf!$N$7:$N$122) -> 6821856 | T20: =SUMIF(Rahul!$J$7:$J$113,"SPP",Rahul!$N$7:$N$114) -> 8197401 | U20: =SUMIF(Minesh!$J$7:$J$113,"SPP",Minesh!$N$7:$N$114) -> 825600 | V20: =SUM(R20:U20) -> 22623251 | X20: SPP | Y20: =SUM(R20:X20) -> 45246502
B21: June | C21: =Yogesh!I6+Ashraf!I6+Rahul!I6+Minesh!I6 -> 0 | D21: =Yogesh!J6+Ashraf!J6+Rahul!J6+Minesh!J6 -> 0 | F21: =D21-E21 -> 0 | H21: =$H$13/12 -> 12375000 | I21: =H21-E21 -> 12375000 | J21: =(E21-H21)/E21 -> #DIV/0! | K21: =H21*4 -> 49500000 | L21: =(K21-C21)/K21 -> 1 | Q21: Relocation | R21: =SUMIF(Yogesh!$J$11:$J$124,"Relocation",Yogesh!$N$11:$N$125) -> 2600000 | S21: =SUMIF(Ashraf!$J$7:$J$122,"Relocation",Ashraf!$N$7:$N$123) -> 730000 | T21: =SUMIF(Rahul!$J$7:$J$114,"Relocation",Rahul!$N$7:$N$115) -> 0 | U21: =SUMIF(Minesh!$J$7:$J$114,"Relocation",Minesh!$N$7:$N$115) -> 0 | V21: =SUM(R21:U21) -> 3330000 | X21: Relocation | Y21: =SUM(R21:X21) -> 6660000
B22: July | C22: =Yogesh!N4+Ashraf!N4+Rahul!N4+Minesh!N4 -> 0 | D22: =Yogesh!O4+Ashraf!O4+Rahul!O4+Minesh!O4 -> 0 | F22: =D22-E22 -> 0 | H22: =$H$13/12 -> 12375000 | I22: =H22-E22 -> 12375000 | J22: =(E22-H22)/E22 -> #DIV/0! | K22: =H22*4 -> 49500000 | L22: =(K22-C22)/K22 -> 1 | Q22: Software | R22: =SUMIF(Yogesh!$J$12:$J$125,"Software",Yogesh!$N$12:$N$126) -> 2228000 | S22: =SUMIF(Ashraf!$J$7:$J$123,"Software",Ashraf!$N$7:$N$124) -> 64000 | T22: =SUMIF(Rahul!$J$7:$J$115,"Software",Rahul!$N$7:$N$116) -> 0 | U22: =SUMIF(Minesh!$J$7:$J$115,"Software",Minesh!$N$7:$N$116) -> 0 | V22: =SUM(R22:U22) -> 2292000 | X22: Software | Y22: =SUM(R22:X22) -> 4584000
B23: August | C23: =Yogesh!N5+Ashraf!N5+Rahul!N5+Minesh!N5 -> 0 | D23: =Yogesh!O5+Ashraf!O5+Rahul!O5+Minesh!O5 -> 0 | F23: =D23-E23 -> 0 | H23: =$H$13/12 -> 12375000 | I23: =H23-E23 -> 12375000 | J23: =(E23-H23)/E23 -> #DIV/0! | K23: =H23*4 -> 49500000 | L23: =(K23-C23)/K23 -> 1 | Q23: BDCharges | R23: =SUMIF(Yogesh!$J$13:$J$126,"BDCharges",Yogesh!$N$13:$N$127) -> 0 | S23: =SUMIF(Ashraf!$J$7:$J$124,"BDCharges",Ashraf!$N$7:$N$125) -> 0 | T23: =SUMIF(Rahul!$J$7:$J$116,"BDCharges",Rahul!$N$7:$N$117) -> 28500 | U23: =SUMIF(Minesh!$J$7:$J$116,"BDCharges",Minesh!$N$7:$N$117) -> 22500 | V23: =SUM(R23:U23) -> 51000 | X23: BDCharges | Y23: =SUM(R23:X23) -> 102000
B24: September | C24: =Yogesh!N6+Ashraf!N6+Rahul!N6+Minesh!N6 -> 0 | D24: =Yogesh!O6+Ashraf!O6+Rahul!O6+Minesh!O6 -> 0 | F24: =D24-E24 -> 0 | H24: =$H$13/12 -> 12375000 | I24: =H24-E24 -> 12375000 | J24: =(E24-H24)/E24 -> #DIV/0! | K24: =H24*4 -> 49500000 | L24: =(K24-C24)/K24 -> 1 | Q24: Retrofitkit | R24: =SUMIF(Yogesh!$J$14:$J$127,"Retrofitkit",Yogesh!$N$14:$N$128) -> 1248375 | S24: =SUMIF(Ashraf!$J$7:$J$125,"Retrofitkit",Ashraf!$N$7:$N$126) -> 13500000 | T24: =SUMIF(Rahul!$J$7:$J$117,"Retrofitkit",Rahul!$N$7:$N$118) -> 1224700 | U24: =SUMIF(Minesh!$J$7:$J$117,"Minesh",Rahul!$N$7:$N$118) -> 0 | V24: =SUM(R24:U24) -> 15973075 | X24: Retrofitkit | Y24: =SUM(R24:X24) -> 31946150
B25: October | C25: =Yogesh!S4+Ashraf!S4+Rahul!S4+Minesh!S4 -> 0 | D25: =Yogesh!T4+Ashraf!T4+Rahul!T4+Minesh!T4 -> 0 | F25: =D25-E25 -> 0 | H25: =$H$13/12 -> 12375000 | I25: =H25-E25 -> 12375000 | J25: =(E25-H25)/E25 -> #DIV/0! | K25: =H25*4 -> 49500000 | L25: =(K25-C25)/K25 -> 1 | Q25: Upgradekit | R25: =SUMIF(Yogesh!$J$15:$J$128,"Upgradekit",Yogesh!$N$15:$N$129) -> 5932179 | S25: =SUMIF(Ashraf!$J$7:$J$126,"Upgradekit",Ashraf!$N$7:$N$127) -> 2918203 | T25: =SUMIF(Rahul!$J$7:$J$118,"Upgradekit",Rahul!$N$7:$N$119) -> 1553708 | U25: =SUMIF(Minesh!$J$7:$J$118,"Upgradekit",Minesh!$N$7:$N$119) -> 0 | V25: =SUM(R25:U25) -> 10404090 | X25: Upgradekit | Y25: =SUM(R25:X25) -> 20808180
B26: November | C26: =Yogesh!S5+Ashraf!S5+Rahul!S5+Minesh!S5 -> 0 | D26: =Yogesh!T5+Ashraf!T5+Rahul!T5+Minesh!T5 -> 0 | F26: =D26-E26 -> 0 | H26: =$H$13/12 -> 12375000 | I26: =H26-E26 -> 12375000 | J26: =(E26-H26)/E26 -> #DIV/0! | K26: =H26*4 -> 49500000 | L26: =(K26-C26)/K26 -> 1 | Q26: Training | R26: =SUMIF(Yogesh!$J$16:$J$129,"Training",Yogesh!$N$16:$N$130) -> 0 | S26: =SUMIF(Ashraf!$J$7:$J$127,"Training",Ashraf!$N$7:$N$128) -> 0 | T26: =SUMIF(Rahul!$J$7:$J$119,"Training",Rahul!$N$7:$N$120) -> 0 | U26: =SUMIF(Minesh!$J$7:$J$119,"Training",Minesh!$N$7:$N$120) -> 0 | V26: =SUM(R26:U26) -> 0 | X26: Training | Y26: =SUM(R26:X26) -> 0
B27: December | C27: =Yogesh!S6+Ashraf!S6+Rahul!S6+Minesh!S6 -> 0 | D27: =Yogesh!T6+Ashraf!T6+Rahul!T6+Minesh!T6 -> 0 | F27: =D27-E27 -> 0 | H27: =$H$13/12 -> 12375000 | I27: =H27-E27 -> 12375000 | J27: =(E27-H27)/E27 -> #DIV/0! | K27: =H27*4 -> 49500000 | L27: =(K27-C27)/K27 -> 1 | Q27: MidlifeUpgrade | R27: =SUMIF(Yogesh!$J$17:$J$130,"MidlifeUpgrade",Yogesh!$N$17:$N$131) -> 0 | S27: =SUMIF(Ashraf!$J$7:$J$128,"MidlifeUpgrade",Ashraf!$N$7:$N$129) -> 550271 | T27: =SUMIF(Rahul!$J$7:$J$120,"MidlifeUpgrade",Rahul!$N$7:$N$121) -> 1618603 | U27: =SUMIF(Minesh!$J$7:$J$120,"MidlifeUpgrade",Minesh!$N$7:$N$121) -> 0 | V27: =SUM(R27:U27) -> 2168874 | X27: MidlifeUpgrade | Y27: =SUM(R27:X27) -> 4337748
B28: Total | C28: =SUM(C16:C27) -> 72189018 | D28: =SUM(D16:D27) -> 16021239 | E28: =SUM(E16:E27) -> 0 | F28: =SUM(F16:F27) -> 16021239 | H28: =SUM(H16:H27) -> 148500000 | I28: =SUM(I16:I27) -> 148500000 | K28: =SUM(K16:K27) -> 594000000 | L28: =(K28-C28)/K28 -> 0.87846967 | Q28: Total | R28: =SUM(R18:R27) -> 20555357 | S28: =SUM(S18:S27) -> 28089330 | T28: =SUM(T18:T27) -> 18670467 | U28: =SUM(U18:U27) -> 4622985 | V28: =SUM(R28:U28) -> 71938139 | X28: Total | Y28: =SUM(Y18:Y27) -> 143876278
H30: =H7 -> 131625000 | K30: HITRATE | L30: =D45/C45 -> 0.4326945 | Q30: Producttype | R30: Gajendra | S30: Pradeep | T30: Sasi | V30: South
B31: SOUTH | Q31: Contract | R31: =SUMIF(Gajendra!$J$7:$J$102,"Contract",Gajendra!$N$7:$N$103) -> 2959490 | S31: =SUMIF(Pradeep!$J$7:$J$111,"Contract",Pradeep!$N$7:$N$112) -> 9975583 | T31: =SUMIF(Sasi!$J$7:$J$115,"Contract",Sasi!$N$7:$N$116) -> 1636650 | V31: =SUM(R31:U31) -> 14571723
B32: Month | C32: Offers/Value | D32: OrderReceived | E32: *OrderBooked | F32: DevORvsBooked | G32: *OrdersIn-Hand | H32: BU/Monthly | I32: BookedvsBU | J32: %Dev | K32: OfferBUMonthly | L32: %Dev | Q32: BDSpare | R32: =SUMIF(Gajendra!$J$7:$J$103,"BDSpare",Gajendra!$N$7:W27) -> 0 | S32: =SUMIF(Pradeep!$J$7:$J$112,"BDSpare",Pradeep!$N$7:X24) -> 0 | T32: =SUMIF(Sasi!$J$7:$J$116,"BDSpare",Sasi!$N$7:Y25) -> 0 | V32: =SUM(R32:U32) -> 0
B33: Januray | C33: =Gajendra!D4+Pradeep!D4+Sasi!D4 -> 45656721 | D33: =Gajendra!E4+Pradeep!E4+Sasi!E4 -> 16655788 | F33: =D33-E33 -> 16655788 | H33: =$H$30/12 -> 10968750 | I33: =H33-E33 -> 10968750 | J33: =(E33-H33)/E33 -> #DIV/0! | K33: =H33*4 -> 43875000 | L33: =(K33-C33)/K33 -> -0.040609026 | Q33: SPP | R33: =SUMIF(Gajendra!$J$7:$J$104,"SPP",Gajendra!$N$7:$N$104) -> 865031 | S33: =SUMIF(Pradeep!$J$7:$J$113,"SPP",Pradeep!$N$7:$N$114) -> 413320 | T33: =SUMIF(Sasi!$J$7:$J$117,"SPP",Sasi!$N$7:$N$118) -> 926156 | V33: =SUM(R33:U33) -> 2204507
B34: Febraury | C34: =Gajendra!D5+Pradeep!D5+Sasi!D5 -> 0 | D34: =Gajendra!E5+Pradeep!E5+Sasi!E5 -> 2685524 | F34: =D34-E34 -> 2685524 | H34: =$H$30/12 -> 10968750 | I34: =H34-E34 -> 10968750 | J34: =(E34-H34)/E34 -> #DIV/0! | K34: =H34*4 -> 43875000 | L34: =(K34-C34)/K34 -> 1 | Q34: Relocation | R34: =SUMIF(Gajendra!$J$7:$J$104,"Relocation",Gajendra!$N$7:$N$104) -> 1204160 | S34: =SUMIF(Pradeep!$J$7:$J$114,"Relocation",Pradeep!$N$7:$N$115) -> 984000 | T34: =SUMIF(Sasi!$J$7:$J$118,"Relocation",Sasi!$N$7:$N$119) -> 0 | V34: =SUM(R34:U34) -> 2188160
B35: March | C35: =Gajendra!D6+Pradeep!D6+Sasi!D6 -> 0 | D35: =Gajendra!E6+Pradeep!E6+Sasi!E6 -> 0 | F35: =D35-E35 -> 0 | H35: =$H$30/12 -> 10968750 | I35: =H35-E35 -> 10968750 | J35: =(E35-H35)/E35 -> #DIV/0! | K35: =H35*4 -> 43875000 | L35: =(K35-C35)/K35 -> 1 | Q35: Software | R35: =SUMIF(Gajendra!$J$7:$J$104,"Software",Gajendra!$N$7:$N$104) -> 0 | S35: =SUMIF(Pradeep!$J$7:$J$115,"Software",Pradeep!$N$7:$N$116) -> 0 | T35: =SUMIF(Sasi!$J$7:$J$119,"Software",Sasi!$N$7:$N$120) -> 0 | V35: =SUM(R35:U35) -> 0
B36: April | C36: =Gajendra!I4+Pradeep!I4+Sasi!I4 -> 0 | D36: =Gajendra!I4+Pradeep!J4+Sasi!J4 -> 0 | F36: =D36-E36 -> 0 | H36: =$H$30/12 -> 10968750 | I36: =H36-E36 -> 10968750 | J36: =(E36-H36)/E36 -> #DIV/0! | K36: =H36*4 -> 43875000 | L36: =(K36-C36)/K36 -> 1 | Q36: BDCharges | R36: =SUMIF(Gajendra!$J$7:$J$104,"BDCharges",Gajendra!$N$7:$N$104) -> 0 | S36: =SUMIF(Pradeep!$J$7:$J$116,"BDCharges",Pradeep!$N$7:$N$117) -> 0 | T36: =SUMIF(Sasi!$J$7:$J$120,"BDCharges",Sasi!$N$7:$N$121) -> 0 | V36: =SUM(R36:U36) -> 0
B37: May | C37: =Gajendra!I5+Pradeep!I5+Sasi!I5 -> 0 | D37: =Gajendra!I5+Pradeep!J5+Sasi!J5 -> 0 | F37: =D37-E37 -> 0 | H37: =$H$30/12 -> 10968750 | I37: =H37-E37 -> 10968750 | J37: =(E37-H37)/E37 -> #DIV/0! | K37: =H37*4 -> 43875000 | L37: =(K37-C37)/K37 -> 1 | Q37: Retrofitkit | R37: =SUMIF(Gajendra!$J$7:$J$104,"Gajendra",Rahul!$N$7:$N$118) -> 0 | S37: =SUMIF(Pradeep!$J$7:$J$117,"Pradeep",Rahul!$N$7:$N$118) -> 0 | T37: =SUMIF(Sasi!$J$7:$J$121,"Retrofitkit",Sasi!$N$7:$N$122) -> 0 | V37: =SUM(R37:U37) -> 0
B38: June | C38: =Gajendra!I6+Pradeep!I6+Sasi!I6 -> 729941.76 | D38: =Gajendra!I6+Pradeep!J6+Sasi!J6 -> 0 | F38: =D38-E38 -> 0 | H38: =$H$30/12 -> 10968750 | I38: =H38-E38 -> 10968750 | J38: =(E38-H38)/E38 -> #DIV/0! | K38: =H38*4 -> 43875000 | L38: =(K38-C38)/K38 -> 0.98336315 | Q38: Upgradekit | R38: =SUMIF(Gajendra!$J$7:$J$105,"Upgradekit",Gajendra!$N$7:$N$106) -> 0 | S38: =SUMIF(Pradeep!$J$7:$J$118,"Upgradekit",Pradeep!$N$7:$N$119) -> 0 | T38: =SUMIF(Sasi!$J$7:$J$122,"Upgradekit",Sasi!$N$7:$N$123) -> 0 | V38: =SUM(R38:U38) -> 0
B39: July | C39: =Gajendra!N4+Pradeep!N4+Sasi!N4 -> 0 | D39: =Gajendra!O4+Pradeep!O4+Sasi!O4 -> 0 | F39: =D39-E39 -> 0 | H39: =$H$30/12 -> 10968750 | I39: =H39-E39 -> 10968750 | J39: =(E39-H39)/E39 -> #DIV/0! | K39: =H39*4 -> 43875000 | L39: =(K39-C39)/K39 -> 1 | Q39: Training | R39: =SUMIF(Gajendra!$J$8:$J$106,"Training",Gajendra!$N$8:$N$107) -> 0 | S39: =SUMIF(Pradeep!$J$7:$J$119,"Training",Pradeep!$N$7:$N$120) -> 0 | T39: =SUMIF(Sasi!$J$7:$J$123,"Training",Sasi!$N$7:$N$124) -> 0 | V39: =SUM(R39:U39) -> 0
B40: August | C40: =Gajendra!N5+Pradeep!N5+Sasi!N5 -> 0 | D40: =Gajendra!O5+Pradeep!O5+Sasi!O5 -> 0 | F40: =D40-E40 -> 0 | H40: =$H$30/12 -> 10968750 | I40: =H40-E40 -> 10968750 | J40: =(E40-H40)/E40 -> #DIV/0! | K40: =H40*4 -> 43875000 | L40: =(K40-C40)/K40 -> 1 | Q40: MidlifeUpgrade | R40: =SUMIF(Gajendra!$J$9:$J$107,"MidlifeUpgrade",Gajendra!$N$9:$N$108) -> 0 | S40: =SUMIF(Pradeep!$J$7:$J$120,"MidlifeUpgrade",Pradeep!$N$7:$N$121) -> 0 | T40: =SUMIF(Sasi!$J$7:$J$124,"MidlifeUpgrade",Sasi!$N$7:$N$125) -> 0 | V40: =SUM(R40:U40) -> 0
B41: September | C41: =Gajendra!N6+Pradeep!N6+Sasi!N6 -> 0 | D41: =Gajendra!O6+Pradeep!O6+Sasi!O6 -> 729941.76 | F41: =D41-E41 -> 729941.76 | H41: =$H$30/12 -> 10968750 | I41: =H41-E41 -> 10968750 | J41: =(E41-H41)/E41 -> #DIV/0! | K41: =H41*4 -> 43875000 | L41: =(K41-C41)/K41 -> 1 | Q41: Total | R41: =SUM(R31:R40) -> 5028681 | S41: =SUM(S31:S40) -> 11372903 | T41: =SUM(T31:T40) -> 2562806 | V41: =SUM(V31:V40) -> 18964390
B42: October | C42: =Gajendra!S4+Pradeep!S4+Sasi!S4 -> 0 | D42: =Gajendra!T4+Pradeep!T4+Sasi!T4 -> 0 | F42: =D42-E42 -> 0 | H42: =$H$30/12 -> 10968750 | I42: =H42-E42 -> 10968750 | J42: =(E42-H42)/E42 -> #DIV/0! | K42: =H42*4 -> 43875000 | L42: =(K42-C42)/K42 -> 1
B43: November | C43: =Gajendra!S5+Pradeep!S5+Sasi!S5 -> 0 | D43: =Gajendra!T5+Pradeep!T5+Sasi!T5 -> 0 | F43: =D43-E43 -> 0 | H43: =$H$30/12 -> 10968750 | I43: =H43-E43 -> 10968750 | J43: =(E43-H43)/E43 -> #DIV/0! | K43: =H43*4 -> 43875000 | L43: =(K43-C43)/K43 -> 1 | Q43: Producttype | R43: Vinay | S43: Nitin | T43: Pankaj | V43: NorthandEast
B44: December | C44: =Gajendra!S6+Pradeep!S6+Sasi!S6 -> 0 | D44: =Gajendra!T6+Pradeep!T6+Sasi!T6 -> 0 | F44: =D44-E44 -> 0 | H44: =$H$30/12 -> 10968750 | I44: =H44-E44 -> 10968750 | J44: =(E44-H44)/E44 -> #DIV/0! | K44: =H44*4 -> 43875000 | L44: =(K44-C44)/K44 -> 1 | Q44: Contract | R44: =SUMIF(Vinay!$J$7:$J$101,"Contract",Vinay!$N$7:$N$102) -> 1090000 | S44: =SUMIF(Nitin!$J$7:$J$76,"Contract",Nitin!$N$7:$N$77) -> 6432850 | T44: =SUMIF(Pankaj!$J$7:$J$111,"Contract",Pankaj!$N$7:$N$112) -> 1338708 | V44: =SUM(R44:U44) -> 8861558
B45: Total | C45: =SUM(C33:C44) -> 46386663 | D45: =SUM(D33:D44) -> 20071254 | E45: =SUM(E33:E44) -> 0 | F45: =SUM(F33:F44) -> 20071254 | H45: =SUM(H33:H44) -> 131625000 | I45: =SUM(I33:I44) -> 131625000 | Q45: BDSpare | R45: =SUMIF(Vinay!$J$7:$J$102,"BDSpare",Vinay!$N$7:Z14) -> 0 | S45: =SUMIF(Nitin!$J$7:$J$77,"BDSpare",Nitin!$N$7:AA24) -> 0 | T45: =SUMIF(Pankaj!$J$7:$J$112,"BDSpare",Pankaj!$N$7:AB24) -> 0 | V45: =SUM(R45:U45) -> 0
Q46: SPP | R46: =SUMIF(Vinay!$J$7:$J$103,"SPP",Vinay!$N$7:$N$104) -> 6730774 | S46: =SUMIF(Nitin!$J$7:$J$78,"SPP",Nitin!$N$7:$N$79) -> 4753491 | T46: =SUMIF(Pankaj!$J$7:$J$113,"SPP",Pankaj!$N$7:$N$114) -> 4701821 | V46: =SUM(R46:U46) -> 16186086
H47: =H8 -> 47250000 | K47: HITRATE | L47: =D62/C62 -> 0 | Q47: Relocation | R47: =SUMIF(Vinay!$J$7:$J$104,"Relocation",Vinay!$N$7:$N$105) -> 2380000 | S47: =SUMIF(Nitin!$J$7:$J$79,"Relocation",Nitin!$N$7:$N$80) -> 1910000 | T47: =SUMIF(Pankaj!$J$7:$J$114,"Relocation",Pankaj!$N$7:$N$115) -> 0 | V47: =SUM(R47:U47) -> 4290000
B48: NORTH | Q48: Software | R48: =SUMIF(Vinay!$J$7:$J$105,"Software",Vinay!$N$7:$N$106) -> 0 | S48: =SUMIF(Nitin!$J$7:$J$80,"Software",Nitin!$N$7:$N$81) -> 0 | T48: =SUMIF(Pankaj!$J$7:$J$115,"Software",Pankaj!$N$7:$N$116) -> 0 | V48: =SUM(R48:U48) -> 0
B49: Month | C49: Offers/Value | D49: OrderReceived | E49: *OrderBooked | F49: DevORvsBooked | G49: *OrdersIn-Hand | H49: BU/Monthly | I49: BookedvsBU | J49: %Dev | K49: OfferBUMonthly | L49: %Dev | Q49: BDCharges | R49: =SUMIF(Vinay!$J$7:$J$106,"BDCharges",Vinay!$N$7:$N$107) -> 0 | S49: =SUMIF(Nitin!$J$7:$J$81,"BDCharges",Nitin!$N$7:$N$82) -> 0 | T49: =SUMIF(Pankaj!$J$7:$J$116,"BDCharges",Pankaj!$N$7:$N$117) -> 0 | V49: =SUM(R49:U49) -> 0
B50: Januray | C50: =Vinay!D4+Nitin!D4 -> 36437463 | D50: =Vinay!E4+Nitin!E4 -> 4339517 | F50: =D50-E50 -> 4339517 | H50: =$H$47/12 -> 3937500 | I50: =H50-E50 -> 3937500 | J50: =(E50-H50)/E50 -> #DIV/0! | K50: =H50*4 -> 15750000 | L50: =(K50-C50)/K50 -> -1.3134897 | Q50: Retrofitkit | R50: =SUMIF(Vinay!$J$7:$J$107,"Retrofitkit",Vinay!$N$7:$N$108) -> 0 | S50: =SUMIF(Nitin!$J$7:$J$82,"Retrofitkit",Nitin!$N$7:$N$83) -> 0 | T50: =SUMIF(Pankaj!$J$7:$J$117,"Retrofitkit",Pankaj!$N$7:$N$118) -> 0 | V50: =SUM(R50:U50) -> 0
B51: Febraury | C51: =Vinay!D5+Nitin!D5 -> 421637 | D51: =Vinay!E5+Nitin!E5 -> 1432103 | F51: =D51-E51 -> 1432103 | H51: =$H$47/12 -> 3937500 | I51: =H51-E51 -> 3937500 | J51: =(E51-H51)/E51 -> #DIV/0! | K51: =H51*4 -> 15750000 | L51: =(K51-C51)/K51 -> 0.9732294 | Q51: Upgradekit | R51: =SUMIF(Vinay!$J$7:$J$108,"Upgradekit",Vinay!$N$7:$N$109) -> 0 | S51: =SUMIF(Nitin!$J$7:$J$83,"Upgradekit",Nitin!$N$7:$N$84) -> 0 | T51: =SUMIF(Pankaj!$J$7:$J$118,"Upgradekit",Pankaj!$N$7:$N$119) -> 0 | V51: =SUM(R51:U51) -> 0
B52: March | C52: =Vinay!D5+Nitin!D5 -> 421637 | D52: =Vinay!E6+Nitin!E6 -> 0 | F52: =D52-E52 -> 0 | H52: =$H$47/12 -> 3937500 | I52: =H52-E52 -> 3937500 | J52: =(E52-H52)/E52 -> #DIV/0! | K52: =H52*4 -> 15750000 | L52: =(K52-C52)/K52 -> 0.9732294 | Q52: Training | R52: =SUMIF(Vinay!$J$7:$J$109,"Training",Vinay!$N$7:$N$110) -> 0 | S52: =SUMIF(Nitin!$J$7:$J$84,"Training",Nitin!$N$7:$N$85) -> 0 | T52: =SUMIF(Pankaj!$J$7:$J$119,"Training",Pankaj!$N$7:$N$120) -> 0 | V52: =SUM(R52:U52) -> 0
B53: April | C53: =Vinay!I4+Nitin!I4 -> 0 | D53: =Vinay!J4+Nitin!J4 -> 0 | F53: =D53-E53 -> 0 | H53: =$H$47/12 -> 3937500 | I53: =H53-E53 -> 3937500 | J53: =(E53-H53)/E53 -> #DIV/0! | K53: =H53*4 -> 15750000 | L53: =(K53-C53)/K53 -> 1 | Q53: MidlifeUpgrade | R53: =SUMIF(Vinay!$J$7:$J$110,"MidlifeUpgrade",Vinay!$N$7:$N$111) -> 0 | S53: =SUMIF(Nitin!$J$7:$J$85,"MidlifeUpgrade",Nitin!$N$7:$N$86) -> 0 | T53: =SUMIF(Pankaj!$J$7:$J$120,"MidlifeUpgrade",Pankaj!$N$7:$N$121) -> 0 | V53: =SUM(R53:U53) -> 0
B54: May | C54: =Vinay!I5+Nitin!I5 -> 0 | D54: =Vinay!J5+Nitin!J5 -> 0 | F54: =D54-E54 -> 0 | H54: =$H$47/12 -> 3937500 | I54: =H54-E54 -> 3937500 | J54: =(E54-H54)/E54 -> #DIV/0! | K54: =H54*4 -> 15750000 | L54: =(K54-C54)/K54 -> 1 | Q54: Total | R54: =SUM(R44:R53) -> 10200774 | S54: =SUM(S44:S53) -> 13096341 | T54: =SUM(T44:T53) -> 6040529 | V54: =SUM(R54:U54) -> 29337644
B55: June | C55: =Vinay!I6+Nitin!I6 -> 0 | D55: =Vinay!J6+Nitin!J6 -> 0 | F55: =D55-E55 -> 0 | H55: =$H$47/12 -> 3937500 | I55: =H55-E55 -> 3937500 | J55: =(E55-H55)/E55 -> #DIV/0! | K55: =H55*4 -> 15750000 | L55: =(K55-C55)/K55 -> 1
B56: July | C56: =Vinay!N4+Nitin!N4 -> 0 | D56: =Vinay!O4+Nitin!O4 -> 0 | F56: =D56-E56 -> 0 | H56: =$H$47/12 -> 3937500 | I56: =H56-E56 -> 3937500 | J56: =(E56-H56)/E56 -> #DIV/0! | K56: =H56*4 -> 15750000 | L56: =(K56-C56)/K56 -> 1 | P56: POExpectedMonth
B57: August | C57: =Vinay!N5+Nitin!N5 -> 0 | D57: =Vinay!O5+Nitin!O5 -> 0 | F57: =D57-E57 -> 0 | H57: =$H$47/12 -> 3937500 | I57: =H57-E57 -> 3937500 | J57: =(E57-H57)/E57 -> #DIV/0! | K57: =H57*4 -> 15750000 | L57: =(K57-C57)/K57 -> 1 | P57: WEST
B58: September | C58: =Vinay!N6+Nitin!N6 -> 0 | D58: =Vinay!O6+Nitin!O6 -> 0 | F58: =D58-E58 -> 0 | H58: =$H$47/12 -> 3937500 | I58: =H58-E58 -> 3937500 | J58: =(E58-H58)/E58 -> #DIV/0! | K58: =H58*4 -> 15750000 | L58: =(K58-C58)/K58 -> 1 | P58: Month | Q58: Yogesh | R58: Ashraf | S58: Rahul | T58: Minesh | U58: Total
B59: October | C59: =Vinay!S4+Nitin!S4 -> 0 | D59: =Vinay!T4+Nitin!T4 -> 0 | F59: =D59-E59 -> 0 | H59: =$H$47/12 -> 3937500 | I59: =H59-E59 -> 3937500 | J59: =(E59-H59)/E59 -> #DIV/0! | K59: =H59*4 -> 15750000 | L59: =(K59-C59)/K59 -> 1 | P59: FEB | Q59: =Yogesh!F5 -> 3030491 | R59: =Ashraf!AE4 -> 0 | S59: =Rahul!AE4 -> 0 | T59: =Minesh!AE4 -> 0 | U59: =SUM(Q59:T59) -> 3030491
B60: November | C60: =Vinay!S5+Nitin!S5 -> 0 | D60: =Vinay!T5+Nitin!T5 -> 0 | F60: =D60-E60 -> 0 | H60: =$H$47/12 -> 3937500 | I60: =H60-E60 -> 3937500 | J60: =(E60-H60)/E60 -> #DIV/0! | K60: =H60*4 -> 15750000 | L60: =(K60-C60)/K60 -> 1 | P60: MAR | Q60: =Yogesh!F6 -> 9822543 | R60: =Ashraf!AE5 -> 0 | S60: =Rahul!AE5 -> 0 | T60: =Minesh!AE5 -> 0 | U60: =SUM(Q60:T60) -> 9822543
B61: December | C61: =Vinay!S6+Nitin!S6 -> 0 | D61: =Vinay!T6+Nitin!T6 -> 0 | F61: =D61-E61 -> 0 | H61: =$H$47/12 -> 3937500 | I61: =H61-E61 -> 3937500 | J61: =(E61-H61)/E61 -> #DIV/0! | K61: =H61*4 -> 15750000 | L61: =(K61-C61)/K61 -> 1 | P61: APR | Q61: =Yogesh!K4 -> 0 | R61: =Ashraf!AE6 -> 0 | S61: =Rahul!AE6 -> 0 | T61: =Minesh!AE6 -> 0 | U61: =SUM(Q61:T61) -> 0
B62: Total | C62: =SUM(C50:C61) -> 37280737 | D62: 0 | E62: =SUM(E50:E61) -> 0 | F62: =SUM(F50:F61) -> 5771620 | H62: =SUM(H50:H61) -> 47250000 | I62: =SUM(I50:I61) -> 47250000 | P62: MAY | Q62: =Yogesh!K5 -> 0 | R62: =Ashraf!#REF! -> #REF! | S62: =Rahul!#REF! -> #REF! | T62: =Minesh!#REF! -> #REF! | U62: =SUM(Q62:T62) -> #REF!
P63: JUN | Q63: =Yogesh!K6 -> 0 | R63: =Ashraf!#REF! -> #REF! | S63: =Rahul!#REF! -> #REF! | T63: =Minesh!#REF! -> #REF! | U63: =SUM(Q63:T63) -> #REF!
H64: =H9 -> 10125000 | K64: HITRATE | L64: =D79/C79 -> 0 | P64: JULY | Q64: =Yogesh!P4 -> 0 | R64: =Ashraf!#REF! -> #REF! | S64: =Rahul!#REF! -> #REF! | T64: =Minesh!#REF! -> #REF! | U64: =SUM(Q64:T64) -> #REF!
B65: EAST | P65: AUG | Q65: =Yogesh!P5 -> 0 | R65: =Ashraf!#REF! -> #REF! | S65: =Rahul!#REF! -> #REF! | T65: =Minesh!#REF! -> #REF! | U65: =SUM(Q65:T65) -> #REF!
B66: Month | C66: Offers/Value | D66: OrderReceived | E66: *OrderBooked | F66: DevORvsBooked | G66: *OrdersIn-Hand | H66: BU/Monthly | I66: BookedvsBU | J66: %Dev | K66: OfferBUMonthly | L66: %Dev | P66: Sept | Q66: =Yogesh!P6 -> 0 | R66: =Ashraf!#REF! -> #REF! | S66: =Rahul!#REF! -> #REF! | T66: =Minesh!#REF! -> #REF! | U66: =SUM(Q66:T66) -> #REF!
B67: Januray | C67: =Pankaj!D4 -> 6040529 | D67: =Pankaj!E4 -> 0 | F67: =D67-E67 -> 0 | H67: =$H$64/12 -> 843750 | I67: =H67-E67 -> 843750 | J67: =(E67-H67)/E67 -> #DIV/0! | K67: =H67*4 -> 3375000 | L67: =(K67-C67)/K67 -> -0.78978637 | P67: Oct | Q67: =Yogesh!U4 -> 0 | R67: =Ashraf!#REF! -> #REF! | S67: =Rahul!#REF! -> #REF! | T67: =Minesh!#REF! -> #REF! | U67: =SUM(Q67:T67) -> #REF!
B68: Febraury | C68: =Pankaj!D5 -> 0 | D68: =Pankaj!E5 -> 0 | F68: =D68-E68 -> 0 | G68: 309200 | H68: =$H$64/12 -> 843750 | I68: =H68-E68 -> 843750 | J68: =(E68-H68)/E68 -> #DIV/0! | K68: =H68*4 -> 3375000 | L68: =(K68-C68)/K68 -> 1 | P68: Nov | Q68: =Yogesh!U5 -> 0 | R68: =Ashraf!#REF! -> #REF! | S68: =Rahul!#REF! -> #REF! | T68: =Minesh!#REF! -> #REF! | U68: =SUM(Q68:T68) -> #REF!
B69: March | C69: =Pankaj!D6 -> 0 | D69: =Pankaj!E6 -> 0 | F69: =D69-E69 -> 0 | G69: 742244 | H69: =$H$64/12 -> 843750 | I69: =H69-E69 -> 843750 | J69: =(E69-H69)/E69 -> #DIV/0! | K69: =H69*4 -> 3375000 | L69: =(K69-C69)/K69 -> 1 | P69: Dec | Q69: =Yogesh!U6 -> 0 | R69: =Ashraf!#REF! -> #REF! | S69: =Rahul!#REF! -> #REF! | T69: =Minesh!#REF! -> #REF! | U69: =SUM(Q69:T69) -> #REF!
B70: April | C70: =Pankaj!I4 -> 0 | D70: =Pankaj!J4 -> 0 | F70: =D70-E70 -> 0 | G70: 1252414 | H70: =$H$64/12 -> 843750 | I70: =H70-E70 -> 843750 | J70: =(E70-H70)/E70 -> #DIV/0! | K70: =H70*4 -> 3375000 | L70: =(K70-C70)/K70 -> 1 | P70: SOUTH
B71: May | C71: =Pankaj!I5 -> 0 | D71: =Pankaj!J5 -> 0 | F71: =D71-E71 -> 0 | G71: 950357 | H71: =$H$64/12 -> 843750 | I71: =H71-E71 -> 843750 | J71: =(E71-H71)/E71 -> #DIV/0! | K71: =H71*4 -> 3375000 | L71: =(K71-C71)/K71 -> 1 | P71: Month | Q71: Gajendra | R71: Pradeep | S71: Sasi | U71: Total
B72: June | C72: =Pankaj!I6 -> 0 | D72: =Pankaj!J6 -> 0 | F72: =D72-E72 -> 0 | G72: 1823877 | H72: =$H$64/12 -> 843750 | I72: =H72-E72 -> 843750 | J72: =(E72-H72)/E72 -> #DIV/0! | K72: =H72*4 -> 3375000 | L72: =(K72-C72)/K72 -> 1 | P72: FEB | Q72: =Gajendra!#REF! -> #REF! | R72: =Pradeep!AF5 -> 0 | S72: =Sasi!AF5 -> 0 | T72: =Minesh!AE7 -> 0 | U72: =SUM(Q72:T72) -> #REF!
B73: July | C73: =Pankaj!N4 -> 0 | D73: =Pankaj!O4 -> 0 | F73: =D73-E73 -> 0 | G73: 874217 | H73: =$H$64/12 -> 843750 | I73: =H73-E73 -> 843750 | J73: =(E73-H73)/E73 -> #DIV/0! | K73: =H73*4 -> 3375000 | L73: =(K73-C73)/K73 -> 1 | P73: MAR | Q73: =Gajendra!#REF! -> #REF! | R73: =Pradeep!AF6 -> 0 | S73: =Sasi!AF6 -> 0 | T73: =Minesh!AE8 -> 0 | U73: =SUM(Q73:T73) -> #REF!
B74: August | C74: =Pankaj!N5 -> 0 | D74: =Pankaj!O5 -> 0 | F74: =D74-E74 -> 0 | G74: 531951 | H74: =$H$64/12 -> 843750 | I74: =H74-E74 -> 843750 | J74: =(E74-H74)/E74 -> #DIV/0! | K74: =H74*4 -> 3375000 | L74: =(K74-C74)/K74 -> 1 | P74: APR | Q74: =Gajendra!#REF! -> #REF! | R74: =Pradeep!#REF! -> #REF! | S74: =Sasi!#REF! -> #REF! | T74: =Minesh!AE9 -> 0 | U74: =SUM(Q74:T74) -> #REF!
B75: September | C75: =Pankaj!N6 -> 0 | D75: =Pankaj!O6 -> 0 | F75: =D75-E75 -> 0 | G75: 511473 | H75: =$H$64/12 -> 843750 | I75: =H75-E75 -> 843750 | J75: =(E75-H75)/E75 -> #DIV/0! | K75: =H75*4 -> 3375000 | L75: =(K75-C75)/K75 -> 1 | P75: MAY | Q75: =Gajendra!#REF! -> #REF! | R75: =Pradeep!#REF! -> #REF! | S75: =Sasi!#REF! -> #REF! | T75: =Minesh!AE10 -> 0 | U75: =SUM(Q75:T75) -> #REF!
B76: October | C76: =Pankaj!S4 -> 0 | D76: =Pankaj!T4 -> 0 | F76: =D76-E76 -> 0 | G76: 366636 | H76: =$H$64/12 -> 843750 | I76: =H76-E76 -> 843750 | J76: =(E76-H76)/E76 -> #DIV/0! | K76: =H76*4 -> 3375000 | L76: =(K76-C76)/K76 -> 1 | P76: JUN | Q76: =Gajendra!#REF! -> #REF! | R76: =Pradeep!#REF! -> #REF! | S76: =Sasi!#REF! -> #REF! | T76: =Minesh!AE11 -> 0 | U76: =SUM(Q76:T76) -> #REF!
B77: November | C77: =Pankaj!S5 -> 0 | D77: =Pankaj!T5 -> 0 | F77: =D77-E77 -> 0 | G77: 891636 | H77: =$H$64/12 -> 843750 | I77: =H77-E77 -> 843750 | J77: =(E77-H77)/E77 -> #DIV/0! | K77: =H77*4 -> 3375000 | L77: =(K77-C77)/K77 -> 1 | P77: JULY | Q77: =Gajendra!#REF! -> #REF! | R77: =Pradeep!#REF! -> #REF! | S77: =Sasi!#REF! -> #REF! | T77: =Minesh!AE12 -> 0 | U77: =SUM(Q77:T77) -> #REF!
B78: December | C78: =Pankaj!S6 -> 0 | D78: =Pankaj!T6 -> 0 | F78: =D78-E78 -> 0 | G78: 891636 | H78: =$H$64/12 -> 843750 | I78: =H78-E78 -> 843750 | J78: =(E78-H78)/E78 -> #DIV/0! | K78: =H78*4 -> 3375000 | L78: =(K78-C78)/K78 -> 1 | P78: AUG | Q78: =Gajendra!#REF! -> #REF! | R78: =Pradeep!#REF! -> #REF! | S78: =Sasi!#REF! -> #REF! | T78: =Minesh!AE13 -> 0 | U78: =SUM(Q78:T78) -> #REF!
B79: Total | C79: =SUM(C67:C78) -> 6040529 | D79: 0 | E79: =SUM(E67:E78) -> 0 | F79: =SUM(F67:F78) -> 0 | H79: =SUM(H67:H78) -> 10125000 | I79: =SUM(I67:I78) -> 10125000 | P79: Sept | Q79: =Gajendra!#REF! -> #REF! | R79: =Pradeep!#REF! -> #REF! | S79: =Sasi!#REF! -> #REF! | T79: =Minesh!AE14 -> 0 | U79: =SUM(Q79:T79) -> #REF!
P80: Oct | Q80: =Gajendra!AF7 -> 0 | R80: =Pradeep!#REF! -> #REF! | S80: =Sasi!#REF! -> #REF! | T80: =Minesh!AE15 -> 0 | U80: =SUM(Q80:T80) -> #REF!
P81: Nov | Q81: =Gajendra!AF8 -> 0 | R81: =Pradeep!#REF! -> #REF! | S81: =Sasi!#REF! -> #REF! | T81: =Minesh!AE16 -> 0 | U81: =SUM(Q81:T81) -> #REF!
P82: Dec | Q82: =Gajendra!AF9 -> 0 | R82: =Pradeep!#REF! -> #REF! | S82: =Sasi!#REF! -> #REF! | T82: =Minesh!AE17 -> 0 | U82: =SUM(Q82:T82) -> #REF!
P83: NORTH&EAST
P84: Month | Q84: Vinay | R84: Nitin | S84: Pankaj | U84: Total
P85: FEB | Q85: =Vinay!AF4 -> 0 | R85: =Nitin!AF5 -> 0 | S85: =Pankaj!AF4 -> 0 | T85: =Minesh!AE20 -> 0 | U85: =SUM(Q85:T85) -> 0
P86: MAR | Q86: =Vinay!AF5 -> 0 | R86: =Nitin!AF6 -> 0 | S86: =Pankaj!AF5 -> 0 | T86: =Minesh!AE21 -> 0 | U86: =SUM(Q86:T86) -> 0
P87: APR | Q87: =Vinay!AF6 -> 0 | R87: =Nitin!#REF! -> #REF! | S87: =Pankaj!AF6 -> 0 | T87: =Minesh!AE22 -> 0 | U87: =SUM(Q87:T87) -> #REF!
P88: MAY | Q88: =Vinay!#REF! -> #REF! | R88: =Nitin!#REF! -> #REF! | S88: =Pankaj!#REF! -> #REF! | T88: =Minesh!AE23 -> 0 | U88: =SUM(Q88:T88) -> #REF!
P89: JUN | Q89: =Vinay!#REF! -> #REF! | R89: =Nitin!#REF! -> #REF! | S89: =Pankaj!#REF! -> #REF! | T89: =Minesh!AE24 -> 0 | U89: =SUM(Q89:T89) -> #REF!
P90: JULY | Q90: =Vinay!#REF! -> #REF! | R90: =Nitin!#REF! -> #REF! | S90: =Pankaj!#REF! -> #REF! | T90: =Minesh!AE25 -> 0 | U90: =SUM(Q90:T90) -> #REF!
P91: AUG | Q91: =Vinay!#REF! -> #REF! | R91: =Nitin!#REF! -> #REF! | S91: =Pankaj!#REF! -> #REF! | T91: =Minesh!AE26 -> 0 | U91: =SUM(Q91:T91) -> #REF!
P92: Sept | Q92: =Vinay!#REF! -> #REF! | R92: =Nitin!#REF! -> #REF! | S92: =Pankaj!#REF! -> #REF! | T92: =Minesh!AE27 -> 0 | U92: =SUM(Q92:T92) -> #REF!
P93: Oct | Q93: =Vinay!#REF! -> #REF! | R93: =Nitin!#REF! -> #REF! | S93: =Pankaj!#REF! -> #REF! | T93: =Minesh!AE28 -> 0 | U93: =SUM(Q93:T93) -> #REF!
P94: Nov | Q94: =Vinay!#REF! -> #REF! | R94: =Nitin!#REF! -> #REF! | S94: =Pankaj!#REF! -> #REF! | T94: =Minesh!AE29 -> 0 | U94: =SUM(Q94:T94) -> #REF!
P95: Dec | Q95: =Vinay!#REF! -> #REF! | R95: =Nitin!#REF! -> #REF! | S95: =Pankaj!#REF! -> #REF! | T95: =Minesh!AE30 -> 0 | U95: =SUM(Q95:T95) -> #REF!
S97: 93 | T97: =((3002*S97)/12)/100 -> 232.655
Q99: ProductwiseForecast
P100: WEST | AC100: South | AO100: North&East
P101: Yogesh | Q101: Total | R101: =SUM(R103:R112) -> 9822543 | S101: =SUM(S103:S112) -> 0 | T101: =SUM(T103:T112) -> 0 | U101: =SUM(U103:U112) -> 0 | V101: =SUM(V103:V112) -> 0 | W101: =SUM(W103:W112) -> 0 | X101: =SUM(X103:X112) -> 0 | Y101: =SUM(Y103:Y112) -> 0 | ... AA101: =SUM(AA103:AA112) -> 0 | AC101: Gajendra | AD101: Total | AE101: =SUM(AE103:AE112) -> 0 | AF101: =SUM(AF103:AF112) -> 0 | AG101: =SUM(AG103:AG112) -> 0 | AH101: =SUM(AH103:AH112) -> 0 | AI101: =SUM(AI103:AI112) -> 0 | AJ101: =SUM(AJ103:AJ112) -> 0 | AK101: =SUM(AK103:AK112) -> 0 | AL101: =SUM(AL103:AL112) -> 0 | AM101: =SUM(AM103:AM112) -> 0 | AO101: Vinay | AP101: Total | AQ101: =SUM(AQ103:AQ112) -> 4120839 | AR101: =SUM(AR103:AR112) -> 1921530 | AS101: =SUM(AS103:AS112) -> 0 | AT101: =SUM(AT103:AT112) -> 761810 | AU101: =SUM(AU103:AU112) -> 0 | AV101: =SUM(AV103:AV112) -> 595786 | AW101: =SUM(AW103:AW112) -> 0 | AX101: =SUM(AX103:AX112) -> 0 | ... AZ101: =SUM(AZ103:AZ112) -> 0
Q102: Producttype | R102: March | S102: April | T102: May | U102: June | V102: July | W102: August | X102: September | Y102: October | Z102: November | AA102: December | AD102: Producttype | AE102: April | AF102: May | AG102: June | AH102: July | AI102: August | AJ102: September | AK102: October | AL102: November | AM102: December | AP102: Producttype | AQ102: March | AR102: April | AS102: May | AT102: June | AU102: July | AV102: August | AW102: September | AX102: October | AY102: November | AZ102: December
Q103: Contract | R103: =SUMIFS(Yogesh!$N$14:$N$400,Yogesh!$P$14:$P$400,"March",Yogesh!$J$14:$J$400,"Contract") -> 0 | S103: =SUMIFS(Yogesh!$N$14:$N$400,Yogesh!$P$14:$P$400,"April",Yogesh!$J$14:$J$400,"Contract") -> 0 | T103: =SUMIFS(Yogesh!$N$14:$N$400,Yogesh!$P$14:$P$400,"May",Yogesh!$J$14:$J$400,"Contract") -> 0 | U103: =SUMIFS(Yogesh!$N$14:$N$400,Yogesh!$P$14:$P$400,"June",Yogesh!$J$14:$J$400,"Contract") -> 0 | V103: =SUMIFS(Yogesh!$N$14:$N$400,Yogesh!$P$14:$P$400,"July",Yogesh!$J$14:$J$400,"Contract") -> 0 | W103: =SUMIFS(Yogesh!$N$14:$N$400,Yogesh!$P$14:$P$400,"August",Yogesh!$J$14:$J$400,"Contract") -> 0 | X103: =SUMIFS(Yogesh!$N$14:$N$400,Yogesh!$P$14:$P$400,"September",Yogesh!$J$14:$J$400,"Contract") -> 0 | Y103: =SUMIFS(Yogesh!$N$14:$N$400,Yogesh!$P$14:$P$400,"October",Yogesh!$J$14:$J$400,"Contract") -> 0 | Z103: =SUMIFS(Yogesh!$N$14:$N$400,Yogesh!$P$14:$P$400,"November",Yogesh!$J$14:$J$400,"Contract") -> 0 | AA103: =SUMIFS(Yogesh!$N$14:$N$400,Yogesh!$P$14:$P$400,"December",Yogesh!$J$14:$J$400,"Contract") -> 0 | AD103: Contract | AE103: =SUMIFS(Gajendra!$N$7:$N$366,Gajendra!$P$7:$P$366,"April",Gajendra!$J$7:$J$366,"Contract") -> 0 | AF103: =SUMIFS(Gajendra!$N$7:$N$366,Gajendra!$P$7:$P$366,"May",Gajendra!$J$7:$J$366,"Contract") -> 0 | AG103: =SUMIFS(Gajendra!$N$7:$N$366,Gajendra!$P$7:$P$366,"June",Gajendra!$J$7:$J$366,"Contract") -> 0 | AH103: =SUMIFS(Gajendra!$N$7:$N$366,Gajendra!$P$7:$P$366,"July",Gajendra!$J$7:$J$366,"Contract") -> 0 | AI103: =SUMIFS(Gajendra!$N$7:$N$366,Gajendra!$P$7:$P$366,"August",Gajendra!$J$7:$J$366,"Contract") -> 0 | AJ103: =SUMIFS(Gajendra!$N$7:$N$366,Gajendra!$P$7:$P$366,"September",Gajendra!$J$7:$J$366,"Contract") -> 0 | AK103: =SUMIFS(Gajendra!$N$7:$N$366,Gajendra!$P$7:$P$366,"October",Gajendra!$J$7:$J$366,"Contract") -> 0 | AL103: =SUMIFS(Gajendra!$N$7:$N$366,Gajendra!$P$7:$P$366,"November",Gajendra!$J$7:$J$366,"Contract") -> 0 | AM103: =SUMIFS(Gajendra!$N$7:$N$366,Gajendra!$P$7:$P$366,"December",Gajendra!$J$7:$J$366,"Contract") -> 0 | AP103: Contract | AQ103: =SUMIFS(Vinay!$N$7:$N$385,Vinay!$P$7:$P$385,"March",Vinay!$J$7:$J$385,"Contract") -> 0 | AR103: =SUMIFS(Vinay!$N$7:$N$385,Vinay!$P$7:$P$385,"April",Vinay!$J$7:$J$385,"Contract") -> 478000 | AS103: =SUMIFS(Vinay!$N$7:$N$385,Vinay!$P$7:$P$385,"May",Vinay!$J$7:$J$385,"Contract") -> 0 | AT103: =SUMIFS(Vinay!$N$7:$N$385,Vinay!$P$7:$P$385,"June",Vinay!$J$7:$J$385,"Contract") -> 0 | AU103: =SUMIFS(Vinay!$N$7:$N$385,Vinay!$P$7:$P$385,"July",Vinay!$J$7:$J$385,"Contract") -> 0 | AV103: =SUMIFS(Vinay!$N$7:$N$385,Vinay!$P$7:$P$385,"August",Vinay!$J$7:$J$385,"Contract") -> 0 | AW103: =SUMIFS(Vinay!$N$7:$N$385,Vinay!$P$7:$P$385,"September",Vinay!$J$7:$J$385,"Contract") -> 0 | AX103: =SUMIFS(Vinay!$N$7:$N$385,Vinay!$P$7:$P$385,"October",Vinay!$J$7:$J$385,"Contract") -> 0 | AY103: =SUMIFS(Vinay!$N$7:$N$385,Vinay!$P$7:$P$385,"November",Vinay!$J$7:$J$385,"Contract") -> 0 | AZ103: =SUMIFS(Vinay!$N$7:$N$385,Vinay!$P$7:$P$385,"December",Vinay!$J$7:$J$385,"Contract") -> 0
Q104: BDSpare | R104: =SUMIFS(Yogesh!$N$14:$N$400,Yogesh!$P$14:$P$400,"March",Yogesh!$J$14:$J$400,"BDSpare") -> 0 | S104: =SUMIFS(Yogesh!$N$14:$N$400,Yogesh!$P$14:$P$400,"April",Yogesh!$J$14:$J$400,"BDSpare") -> 0 | T104: =SUMIFS(Yogesh!$N$14:$N$400,Yogesh!$P$14:$P$400,"May",Yogesh!$J$14:$J$400,"BDSpare") -> 0 | U104: =SUMIFS(Yogesh!$N$14:$N$400,Yogesh!$P$14:$P$400,"June",Yogesh!$J$14:$J$400,"BDSpare") -> 0 | V104: =SUMIFS(Yogesh!$N$14:$N$400,Yogesh!$P$14:$P$400,"July",Yogesh!$J$14:$J$400,"BDSpare") -> 0 | W104: =SUMIFS(Yogesh!$N$14:$N$400,Yogesh!$P$14:$P$400,"August",Yogesh!$J$14:$J$400,"BDSpare") -> 0 | X104: =SUMIFS(Yogesh!$N$14:$N$400,Yogesh!$P$14:$P$400,"September",Yogesh!$J$14:$J$400,"BDSpare") -> 0 | Y104: =SUMIFS(Yogesh!$N$14:$N$400,Yogesh!$P$14:$P$400,"October",Yogesh!$J$14:$J$400,"BDSapre") -> 0 | Z104: =SUMIFS(Yogesh!$N$14:$N$400,Yogesh!$P$14:$P$400,"November",Yogesh!$J$14:$J$400,"BDSapre") -> 0 | AA104: =SUMIFS(Yogesh!$N$14:$N$400,Yogesh!$P$14:$P$400,"December",Yogesh!$J$14:$J$400,"BDSpare") -> 0 | AD104: BDSpare | AE104: =SUMIFS(Gajendra!$N$7:$N$366,Gajendra!$P$7:$P$366,"April",Gajendra!$J$7:$J$366,"BDSpare") -> 0 | AF104: =SUMIFS(Gajendra!$N$7:$N$366,Gajendra!$P$7:$P$366,"May",Gajendra!$J$7:$J$366,"BDSpare") -> 0 | AG104: =SUMIFS(Gajendra!$N$7:$N$366,Gajendra!$P$7:$P$366,"June",Gajendra!$J$7:$J$366,"BDSpare") -> 0 | AH104: =SUMIFS(Gajendra!$N$7:$N$366,Gajendra!$P$7:$P$366,"July",Gajendra!$J$7:$J$366,"BDSpare") -> 0 | AI104: =SUMIFS(Gajendra!$N$7:$N$366,Gajendra!$P$7:$P$366,"August",Gajendra!$J$7:$J$366,"BDSpare") -> 0 | AJ104: =SUMIFS(Gajendra!$N$7:$N$366,Gajendra!$P$7:$P$366,"September",Gajendra!$J$7:$J$366,"BDSpare") -> 0 | AK104: =SUMIFS(Gajendra!$N$7:$N$366,Gajendra!$P$7:$P$366,"October",Gajendra!$J$7:$J$366,"BDSapre") -> 0 | AL104: =SUMIFS(Gajendra!$N$7:$N$366,Gajendra!$P$7:$P$366,"November",Gajendra!$J$7:$J$366,"BDSapre") -> 0 | AM104: =SUMIFS(Gajendra!$N$7:$N$366,Gajendra!$P$7:$P$366,"December",Gajendra!$J$7:$J$366,"BDSpare") -> 0 | AP104: BDSpare | AQ104: =SUMIFS(Vinay!$N$7:$N$385,Vinay!$P$7:$P$385,"March",Vinay!$J$7:$J$385,"BDSpare") -> 0 | AR104: =SUMIFS(Vinay!$N$7:$N$385,Vinay!$P$7:$P$385,"April",Vinay!$J$7:$J$385,"BDSpare") -> 0 | AS104: =SUMIFS(Vinay!$N$7:$N$385,Vinay!$P$7:$P$385,"May",Vinay!$J$7:$J$385,"BDSpare") -> 0 | AT104: =SUMIFS(Vinay!$N$7:$N$385,Vinay!$P$7:$P$385,"June",Vinay!$J$7:$J$385,"BDSpare") -> 0 | AU104: =SUMIFS(Vinay!$N$7:$N$385,Vinay!$P$7:$P$385,"July",Vinay!$J$7:$J$385,"BDSpare") -> 0 | AV104: =SUMIFS(Vinay!$N$7:$N$385,Vinay!$P$7:$P$385,"August",Vinay!$J$7:$J$385,"BDSpare") -> 0 | AW104: =SUMIFS(Vinay!$N$7:$N$385,Vinay!$P$7:$P$385,"September",Vinay!$J$7:$J$385,"BDSpare") -> 0 | AX104: =SUMIFS(Vinay!$N$7:$N$385,Vinay!$P$7:$P$385,"October",Vinay!$J$7:$J$385,"BDSapre") -> 0 | AY104: =SUMIFS(Vinay!$N$7:$N$385,Vinay!$P$7:$P$385,"November",Vinay!$J$7:$J$385,"BDSapre") -> 0 | AZ104: =SUMIFS(Vinay!$N$7:$N$385,Vinay!$P$7:$P$385,"December",Vinay!$J$7:$J$385,"BDSpare") -> 0
...

Sheet Yogesh
A2: KARDEX INDIA - LIVE OFFER FUNEL - YOGESH - WEST
A3: Total Offers | B3: =COUNTA(B8:B1429) -> 35 | C3: Month | D3: Offers Total | E3: Order received | F3: Forecast | G3: Forecast- Po Received | H3: Month | I3: Offers Total | J3: Order received | K3: Forecast | L3: Forecast- Po Received | M3: Month | N3: Offers Total | O3: Order received | P3: Forecast | Q3: Forecast- Po Received | R3: Month | S3: Offers Total | T3: Order received | U3: Forecast | V3: Forecast- Po Received | W3: Total Open Funnel | X3: =SUM(V8:V1999) -> 18691333
C4: January | D4: =SUMIF($O$8:$O$408,"January",$N$8:$N$408) -> 20777736 | E4: =SUMIF($U$8:$U$408,"January",$T$8:$T$408) -> 2086403 | F4: =SUMIF($P$8:$P$427,"January",$N$8:$N$427) -> 7924702 | G4: =F4-E4 -> 5838299 | H4: April | I4: =SUMIF($O$8:$O$408,"April",$N$8:$N$408) -> 0 | J4: =SUMIF($U$8:$U$408,"April",$T$8:$T$408) -> 0 | K4: =SUMIF($P$8:$P$427,"April",$N$8:$N$427) -> 0 | L4: =K4-J4 -> 0 | M4: July | N4: =SUMIF($O$8:$O$408,"July",$N$8:$N$408) -> 0 | O4: =SUMIF($U$8:$U$408,"July",$T$8:$T$408) -> 0 | P4: =SUMIF($P$8:$P$427,"July",$N$8:$N$427) -> 0 | Q4: =P4-O4 -> 0 | R4: October | S4: =SUMIF($O$8:$O$408,"October",$N$8:$N$408) -> 0 | T4: =SUMIF($U$8:$U$408,"October",$T$8:$T$408) -> 0 | U4: =SUMIF($P$8:$P$427,"October",$N$8:$N$427) -> 0 | V4: =U4-T4 -> 0
C5: February | D5: =SUMIF($O$8:$O$408,"February",$N$8:$N$408) -> 0 | E5: =SUMIF($U$8:$U$408,"February",$T$8:$T$408) -> 0 | F5: =SUMIF($P$8:$P$427,"February",$N$8:$N$427) -> 3030491 | G5: =F5-E5 -> 3030491 | H5: May | I5: =SUMIF($O$8:$O$408,"May",$N$8:$N$408) -> 0 | J5: =SUMIF($U$8:$U$408,"May",$T$8:$T$408) -> 0 | K5: =SUMIF($P$8:$P$427,"May",$N$8:$N$427) -> 0 | L5: =K5-J5 -> 0 | M5: August | N5: =SUMIF($O$8:$O$408,"August",$N$8:$N$408) -> 0 | O5: =SUMIF($U$8:$U$408,"August",$T$8:$T$408) -> 0 | P5: =SUMIF($P$8:$P$427,"August",$N$8:$N$427) -> 0 | Q5: =P5-O5 -> 0 | R5: November | S5: =SUMIF($O$8:$O$408,"November",$N$8:$N$408) -> 0 | T5: =SUMIF($U$8:$U$408,"November",$T$8:$T$408) -> 0 | U5: =SUMIF($P$8:$P$427,"November",$N$8:$N$427) -> 0 | V5: =U5-T5 -> 0
C6: March | D6: =SUMIF($O$8:$O$408,"March",$N$8:$N$408) -> 0 | E6: =SUMIF($U$8:$U$408,"March",$T$8:$T$408) -> 0 | F6: =SUMIF($P$8:$P$427,"March",$N$8:$N$427) -> 9822543 | G6: =F6-E6 -> 9822543 | H6: June | I6: =SUMIF($O$8:$O$408,"June",$N$8:$N$408) -> 0 | J6: =SUMIF($U$8:$U$408,"June",$T$8:$T$408) -> 0 | K6: =SUMIF($P$8:$P$427,"June",$N$8:$N$427) -> 0 | L6: =K6-J6 -> 0 | M6: September | N6: =SUMIF($O$8:$O$408,"September",$N$8:$N$408) -> 0 | O6: =SUMIF($U$8:$U$408,"September",$T$8:$T$408) -> 0 | P6: =SUMIF($P$8:$P$427,"September",$N$8:$N$427) -> 0 | Q6: =P6-O6 -> 0 | R6: December | S6: =SUMIF($O$8:$O$408,"December",$N$8:$N$408) -> 0 | T6: =SUMIF($U$8:$U$408,"December",$T$8:$T$408) -> 0 | U6: =SUMIF($P$8:$P$427,"December",$N$8:$N$427) -> 0 | V6: =U6-T6 -> 0
A7: SL | B7: Reg Date | C7: Company | D7: Location | E7: Department | F7: Contact Person Name | G7: Contact Number | H7: E-Mail ID | I7: Machine Serial Number | J7: Product Type | K7: Lead | L7: Offer Reference Number | M7: Offer Reference Date | N7: Offer Value | O7: Offer Month | P7: PO Expected Month | Q7: Probabality in Percentage | R7: PO Number | S7: PO Date | T7: PO Value | U7: PO Received Month | V7: Open Funnel | W7: Remarks | X7: Status | Y7: Booking Date in SAP B1 | Z7: Offer Entered in CRM | AA7: Offer Closed in CRM
A8: 1 | B8: 45740 | C8: Rieter India Pvt Ltd | D8: Pune | E8: stores | F8: Manoj Rasal | G8: 9822192492 | H8: manoj.rasal@rieter.com | I8: 21002906/001 | J8: Contract | K8: No | L8: KXIND/W/MC/YD/25025 | M8: 45718 | N8: 67000 | O8: January | P8: January | Q8: 1 | R8: 4504578229 | S8: 45779 | T8: 67000 | U8: January | V8: =Table62689345[[#This Row],[Offer Value]]-Table62689345[[#This Row],[PO Value]] -> 0
A9: 2 | B9: 45961 | C9: Carraro India Pvt Limited | D9: Pune | E9: stores | F9: Ravindra khambayat | G9: 9822840261 | H9: Ravindra_Khambayat@carraro.com | I9: 08001856/001 | J9: SPP | K9: Yes | L9: KXIND/W/YD/SPP/25073 | M9: 45945 | N9: 222379 | O9: January | P9: January | Q9: 1 | R9: 4500565834 4500570108 | S9: 46000 | T9: 216507 | U9: January | V9: =Table62689345[[#This Row],[Offer Value]]-Table62689345[[#This Row],[PO Value]] -> 5872
A10: 3 | B10: 45961 | C10: Bridgestone India Pvt.Ltd. | D10: Pune | E10: HR store | F10: Mangesh Engale | G10: 9607328084 | H10: mangesh-ingle@bridgestone.co.in | I10: 18005925/001 | J10: Contract | K10: No | L10: KXIND/W/YD/MC/25077 | M10: 45957 | N10: 118009 | O10: January | P10: January | Q10: 1 | R10: 4500089503 | S10: 45980 | T10: 118009 | U10: January | V10: =Table62689345[[#This Row],[Offer Value]]-Table62689345[[#This Row],[PO Value]] -> 0
A11: 4 | B11: 46010 | C11: Eagle Burgmann India Pvt Ltd | D11: Pune | E11: stores | F11: Mahesh Hole | G11: 9373850080 | H11: Mahesh.Hole@in.eagleburgmann.com | I11: 08004851/001 | J11: SPP | K11: Yes | L11: KXIND/W/SPP/YD/25089 | M11: 45999 | N11: 640000 | O11: January | P11: January | Q11: 1 | R11: 2560209 | S11: 46008 | T11: 615210 | U11: January | V11: =Table62689345[[#This Row],[Offer Value]]-Table62689345[[#This Row],[PO Value]] -> 24790
A12: 5 | B12: 45667 | C12: Tata Motors LTD | D12: Pune | E12: D blockstore | F12: pankaj Badhe | G12: 8237003520 | H12: badhe.pankaj@tatamotors.com | I12: 16002093/001 | J12: Relocation | K12: No | L12: KXIND/W/SPP/YD24-01 | M12: 45394 | N12: 385000 | O12: January | P12: January | Q12: 0.5 | V12: =Table62689345[[#This Row],[Offer Value]]-Table62689345[[#This Row],[PO Value]] -> 385000
A13: 6 | B13: 45667 | C13: Tata Motors LTD | D13: Pune | E13: D blockstore | F13: pankaj Badhe | G13: 8237003521 | H13: badhe.pankaj@tatamotors.com | I13: 16002093/002 | J13: Relocation | K13: No | L13: KXIND/W/SPP/YD24-01 | M13: 45394 | N13: 385000 | O13: January | P13: January | Q13: 0.5 | V13: =Table62689345[[#This Row],[Offer Value]]-Table62689345[[#This Row],[PO Value]] -> 385000
A14: 7 | B14: 45922 | C14: Tata Motors LTD | D14: Pune | E14: Cblk Maint | F14: Amit sharma | G14: 9011018387 | H14: s.amit1@tatamotors.com | I14: 06008006/001 | J14: Software | K14: Yes | L14: KRIND/SA/OTH/520025 | M14: 45916 | N14: 1378000 | O14: January | P14: January | Q14: 0.3 | T14: 0 | V14: =Table62689345[[#This Row],[Offer Value]]-Table62689345[[#This Row],[PO Value]] -> 1378000
A15: 8 | B15: 45999 | C15: Tata motors passenger vehicles Limted (Tata Motors Ltd) | D15: Pune | E15: TCF | F15: Depak Dalvi | G15: 9850341560 | H15: DGD793450@tatamotors.com | I15: 08000931/001 | J15: SPP | K15: Yes | L15: KXIND/W/YD/SPP/25088 | M15: 45989 | N15: 346200 | O15: January | P15: January | Q15: 0.2 | V15: =Table62689345[[#This Row],[Offer Value]]-Table62689345[[#This Row],[PO Value]] -> 346200
A16: 9 | B16: 45705 | C16: Lupin Limited | D16: Nagpur | E16: Stores | F16: Mukesh Namdev | G16: +91 8959678211 | H16: mukeshnamdev@lupin.com | I16: 23005504/001 | J16: Contract | K16: Yes | L16: KXIND/W/YD/MC/2509R | M16: 45863 | N16: 55000 | O16: January | P16: January | Q16: 0.5 | T16: 55000 | U16: January | V16: =Table62689345[[#This Row],[Offer Value]]-Table62689345[[#This Row],[PO Value]] -> 0
A17: 10 | B17: 45922 | C17: Tata Motors LTD | D17: Pune | E17: Cblk Maint | F17: Amit sharma | G17: 9011018387 | H17: s.amit1@tatamotors.com | I17: 06008006/001 | J17: Relocation | K17: Yes | L17: KRIND/W/YD/RE/25069 | M17: 15-092025 | N17: 1160000 | O17: January | P17: January | Q17: 0.3 | V17: =Table62689345[[#This Row],[Offer Value]]-Table62689345[[#This Row],[PO Value]] -> 1160000
A18: 11 | B18: 45922 | C18: Bajaj Auto Ltd | D18: Pune | E18: Engine Assembly | F18: Rakesh Kirange | G18: 9850043641 | H18: rnkirange@bajajauto.co.in | I18: 19003778/001 | J18: Software | K18: Yes | L18: KRIND/SR/OTH/25015 | M18: 45911 | N18: 850000 | O18: January | P18: March | Q18: 0.5 | V18: =Table62689345[[#This Row],[Offer Value]]-Table62689345[[#This Row],[PO Value]] -> 850000
A19: 12 | B19: 45922 | C19: Kirloskar Ebara Pumps LTD | D19: Kirloskarwadi | E19: stores | F19: sachin mali | G19: 7796670030 | H19: SACHIN.MALI@kepl.in.net | I19: 05007988/001 | J19: SPP | K19: Yes | L19: KXIND/W/YD/SPP/25064 | M19: 45922 | N19: 795668 | O19: January | P19: March | Q19: 0.5 | V19: =Table62689345[[#This Row],[Offer Value]]-Table62689345[[#This Row],[PO Value]] -> 795668
A20: 13 | B20: 45705 | C20: Bajaj Auto Ltd | D20: Pune | E20: Eng.stores | F20: Rajkumar Ajabe | G20: 9503050525 | H20: rrajabe@bajajauto.co.in | I20: 00011128/004 | J20: SPP | K20: Yes | L20: KXIND/W/YD/MLU/25011 | M20: 45687 | N20: 558580 | O20: January | P20: January | Q20: 0.5 | V20: =Table62689345[[#This Row],[Offer Value]]-Table62689345[[#This Row],[PO Value]] -> 558580
A21: 15 | B21: 45930 | C21: Tata Motors LTD | D21: Pune | E21: D blockstore | F21: Jyoti Avhad | G21: 8237003520 | H21: jyoti.avhad@tatamotors.com | I21: 16002093/001 | J21: Contract | K21: No | L21: KXIND/W/YD/MC/25077 | M21: 45929 | N21: 90000 | O21: January | P21: January | Q21: 0.5 | V21: =Table62689345[[#This Row],[Offer Value]]-Table62689345[[#This Row],[PO Value]] -> 90000
A22: 16 | B22: 45930 | C22: Tata Motors LTD | D22: Pune | E22: D blockstore | F22: Jyoti Avhad | G22: 8237003521 | H22: jyoti.avhad@tatamotors.com | I22: 16002093/002 | J22: Contract | K22: No | L22: KXIND/W/YD/MC/25077 | M22: 45929 | N22: 90000 | O22: January | P22: January | Q22: 0.5 | V22: =Table62689345[[#This Row],[Offer Value]]-Table62689345[[#This Row],[PO Value]] -> 90000
A23: 17 | B23: 45961 | C23: ITC Ltd | D23: Pune | E23: Engineering stores | F23: Navanath Ekatpure | G23: 9730478741 | H23: navanath.ekatpure@itc.in | I23: 09006715/001 | J23: SPP | K23: Yes | L23: KXIND/W/YD/SPP/25075 | M23: 45926 | N23: 79812 | O23: January | P23: January | Q23: 0.5 | V23: =Table62689345[[#This Row],[Offer Value]]-Table62689345[[#This Row],[PO Value]] -> 79812
A24: 18 | B24: 45981 | C24: Kirloskar Oil Engine LTD | D24: kagal | E24: Stores | F24: Ganesh Jagtap | G24: 9881734612 | H24: ganesh.jagtap@kirloskar.com | I24: 07010686/001 | J24: SPP | K24: Yes | L24: KXIND/W/YD/SPP/25080 | M24: 45979 | N24: 2064784 | O24: January | P24: March | Q24: 0.3 | V24: =Table62689345[[#This Row],[Offer Value]]-Table62689345[[#This Row],[PO Value]] -> 2064784
A25: 19 | B25: 45985 | C25: Tata motors passenger vehicles Limted (Tata Motors Ltd) | D25: Pune | E25: Logistics | F25: Sujit Kadam | G25: 7276004071 | H25: sujit.kadam@tatamotors.com | I25: 06009440/004 | J25: Upgradekit | K25: Yes | L25: KXIND/W/YD/SPP/25082 | M25: 45982 | N25: 3402210 | O25: January | P25: March | Q25: 0.2 | V25: =Table62689345[[#This Row],[Offer Value]]-Table62689345[[#This Row],[PO Value]] -> 3402210
A26: 20 | B26: 45985 | C26: Tata motors passenger vehicles Limted (Tata Motors Ltd) | D26: Pune | E26: Logistics | F26: Sujit kadam | G26: 7276004071 | H26: sujit.kadam@tatamotors.com | I26: 06009440/004 | J26: Retrofitkit | K26: Yes | L26: KXIND/W/YD/SPP/25083 | M26: 45982 | N26: 1248375 | O26: January | P26: March | Q26: 0.2 | V26: =Table62689345[[#This Row],[Offer Value]]-Table62689345[[#This Row],[PO Value]] -> 1248375
A27: 21 | B27: 45999 | C27: Fiat india Automobiles Pvt. LTD | D27: Pune | E27: stores | F27: Ajinkya Suryavanshi | G27: 7875555910 | H27: Ajinkya.Suryavanshi@fiapl.com | I27: 10005770/001 | J27: Upgradekit | K27: Yes | L27: KXIND/W/SPP/YD/25086 | M27: 45999 | N27: 1144969 | O27: January | P27: February | Q27: 0.2 | V27: =Table62689345[[#This Row],[Offer Value]]-Table62689345[[#This Row],[PO Value]] -> 1144969
A28: 22 | B28: 45999 | C28: Tata Motors LTD | D28: Pune | E28: ERC div | F28: Gaurav Bajpai | G28: 9604125704 | H28: gaurav.bajpai@tatamotors.com | I28: 12001954/001 | J28: SPP | K28: Yes | L28: KXIND/W/SPP/YD/25088 | M28: 45999 | N28: 128350 | O28: January | P28: January | Q28: 0.2 | V28: =Table62689345[[#This Row],[Offer Value]]-Table62689345[[#This Row],[PO Value]] -> 128350
A29: 23 | B29: 45999 | C29: Tetra Pak India Pvt Ltd | D29: Pune | E29: Stores | F29: Pranjal Dhok | G29: 88888 13957 | H29: Pranjal.Dhok@tetrapak.com | I29: 07009761/001 | J29: Relocation | K29: No | L29: KRIND/W/RE/25090 | M29: 45995 | N29: 320000 | O29: January | P29: January | Q29: 0.9 | R29: 700683864 | S29: 9-12-12025 | T29: 320000 | U29: January | V29: =Table62689345[[#This Row],[Offer Value]]-Table62689345[[#This Row],[PO Value]] -> 0
A30: 24 | B30: 45841 | C30: Bajaj Auto Ltd | D30: Pune | E30: Ele.veh | F30: Gopal Adhao | G30: 9860955055 | H30: gsadhao@bajajauto.co.in | I30: 18001595/001 | J30: Relocation | K30: No | L30: KRIND/W/YD/RE/25052 | M30: 45834 | N30: 350000 | O30: January | P30: January | Q30: 0.5 | R30: 3110015532 | S30: 26.07.2025 | T30: 350000 | U30: January | V30: =Table62689345[[#This Row],[Offer Value]]-Table62689345[[#This Row],[PO Value]] -> 0
A31: 25 | B31: 46035 | C31: Skoda Auto Volkswagen India Pvt Ltd | D31: Pune | E31: stores | F31: Pranav shinde | G31: 7744051513 | H31: pranav.shinde1@skoda-vw.co.in | I31: 102008505 | J31: Contract | K31: No | L31: KXIND/W/MC/YD/26006 | M31: 46035 | N31: 127200 | O31: January | P31: January | Q31: 0.5 | V31: =Table62689345[[#This Row],[Offer Value]]-Table62689345[[#This Row],[PO Value]] -> 127200
A32: 26 | C32: Skoda Auto Volkswagen India Pvt Ltd | D32: Pune | E32: stores | F32: Pranav shinde | G32: 7744051513 | H32: pranav.shinde1@skoda-vw.co.in | I32: 102008506 | J32: Contract | K32: No | L32: KXIND/W/MC/YD/26006 | M32: 46035 | N32: 127200 | O32: January | P32: January | Q32: 0.5 | V32: =Table62689345[[#This Row],[Offer Value]]-Table62689345[[#This Row],[PO Value]] -> 127200
A33: 27 | C33: Skoda Auto Volkswagen India Pvt Ltd | D33: Pune | E33: stores | F33: Pranav shinde | G33: 7744051513 | H33: pranav.shinde1@skoda-vw.co.in | I33: 102008507 | J33: Contract | K33: No | L33: KXIND/W/MC/YD/26006 | M33: 46035 | N33: 127200 | O33: January | P33: January | Q33: 0.5 | V33: =Table62689345[[#This Row],[Offer Value]]-Table62689345[[#This Row],[PO Value]] -> 127200
A34: 28 | C34: Skoda Auto Volkswagen India Pvt Ltd | D34: Pune | E34: stores | F34: Pranav shinde | G34: 7744051513 | H34: pranav.shinde1@skoda-vw.co.in | I34: 102008508 | J34: Contract | K34: No | L34: KXIND/W/MC/YD/26006 | M34: 46035 | N34: 127200 | O34: January | P34: January | Q34: 0.5 | V34: =Table62689345[[#This Row],[Offer Value]]-Table62689345[[#This Row],[PO Value]] -> 127200
A35: 29 | C35: Skoda Auto Volkswagen India Pvt Ltd | D35: Pune | E35: stores | F35: Pranav shinde | G35: 7744051513 | H35: pranav.shinde1@skoda-vw.co.in | I35: 102008509 | J35: Contract | K35: No | L35: KXIND/W/MC/YD/26006 | M35: 46035 | N35: 127200 | O35: January | P35: January | Q35: 0.5 | V35: =Table62689345[[#This Row],[Offer Value]]-Table62689345[[#This Row],[PO Value]] -> 127200
A36: 30 | C36: Skoda Auto Volkswagen India Pvt Ltd | D36: Pune | E36: stores | F36: Pranav shinde | G36: 7744051513 | H36: pranav.shinde1@skoda-vw.co.in | I36: 102010375 | J36: Contract | K36: No | L36: KXIND/W/MC/YD/26006 | M36: 46035 | N36: 127200 | O36: January | P36: January | Q36: 0.5 | V36: =Table62689345[[#This Row],[Offer Value]]-Table62689345[[#This Row],[PO Value]] -> 127200
A37: 31 | C37: Skoda Auto Volkswagen India Pvt Ltd | D37: Pune | E37: stores | F37: Pranav shinde | G37: 7744051513 | H37: pranav.shinde1@skoda-vw.co.in | I37: 102010376 | J37: Contract | K37: No | L37: KXIND/W/MC/YD/26006 | M37: 46035 | N37: 127200 | O37: January | P37: January | Q37: 0.5 | V37: =Table62689345[[#This Row],[Offer Value]]-Table62689345[[#This Row],[PO Value]] -> 127200
A38: 32 | B38: 46035 | C38: Tetra Pak India Pvt Ltd | D38: Pune | E38: Spare stores | F38: Vivek Kamya | G38: 9850806974 | H38: Vivek.Kyama@tetrapak.com | I38: 07009761/001 | J38: Contract | K38: No | L38: KXIND/W/YD/MC/26004 | M38: 46029 | N38: 96000 | O38: January | P38: January | Q38: 0.8 | V38: =Table62689345[[#This Row],[Offer Value]]-Table62689345[[#This Row],[PO Value]] -> 96000
A39: 33 | B39: 46035 | C39: Klug avalon mechatronics | D39: Pune | E39: stores | F39: N.Patil | G39: 9271117805 | H39: rms@klugavalon.com | I39: 16007512/001 | J39: Contract | K39: No | L39: KXIND/W/YD/MC/26002 | M39: 46029 | N39: 60000 | O39: January | P39: February | Q39: 0.8 | V39: =Table62689345[[#This Row],[Offer Value]]-Table62689345[[#This Row],[PO Value]] -> 60000
A40: 34 | B40: 46035 | C40: Bosch Chassis Systems India Ltd | D40: Pune | E40: maintenance store | F40: Pratap Jagdale | G40: 9970010738 | H40: Pratap.Jagadale@in.bosch.com | I40: 19004857/001 | J40: Contract | K40: No | L40: KXIND/W/YD/MC/26003 | M40: 46017 | N40: 74500 | O40: January | P40: February | Q40: 1 | V40: =Table62689345[[#This Row],[Offer Value]]-Table62689345[[#This Row],[PO Value]] -> 74500
A41: 35 | B41: 46035 | C41: Merck Life Science Pvt Ltd | D41: Mumbai | E41: stores | F41: Kalpesh Patil | G41: 9762817803 | H41: Kalpesh.patil@merckgroup.com | I41: 23004830/001 | J41: Contract | K41: Yes | L41: KXIND/W/YD/MC/26001 | M41: 46017 | N41: 67500 | O41: January | P41: February | Q41: 0.4 | V41: =Table62689345[[#This Row],[Offer Value]]-Table62689345[[#This Row],[PO Value]] -> 67500
A42: 36 | B42: 46035 | C42: Eagle Burgmann India Pvt Ltd | D42: Pune | E42: stores | F42: Mahesh Hole | G42: 9373850080 | H42: Mahesh.Hole@in.eagleburgmann.com | I42: 08004851/001 | J42: Contract | K42: No | L42: KXIND/W/YD/MC/26007 | M42: 46029 | N42: 160000 | O42: January | P42: January | Q42: 1 | R42: 2581400 | S42: 46031 | T42: 160000 | U42: January | V42: =Table62689345[[#This Row],[Offer Value]]-Table62689345[[#This Row],[PO Value]] -> 0
A43: 37 | B43: 46035 | C43: Bajaj Auto Ltd | D43: Pune | E43: Eng.stores | F43: Rajkumar Ajabe | G43: 9503050525 | H43: rrajabe@bajajauto.co.in | I43: 18001594/001 | J43: SPP | K43: Yes | L43: KXIND/W/SPP/YD24-015R | M43: 45980 | N43: 404972 | O43: January | P43: January | Q43: 1 | R43: 5210064009 | S43: 46033 | T43: 184677 | U43: January | V43: =Table62689345[[#This Row],[Offer Value]]-Table62689345[[#This Row],[PO Value]] -> 220295
A44: 38 | B44: 46035 | C44: Bajaj Auto Ltd | D44: Pune | E44: Eng.stores | F44: Rajkumar Ajabe | G44: 9503050526 | H44: rrajabe@bajajauto.co.in | I44: 18001594/001 | J44: SPP | K44: Yes | L44: KXIND/W/SPP/YD/25092 | M44: 46002 | N44: 806100 | O44: January | P44: March | Q44: 0.5 | V44: =Table62689345[[#This Row],[Offer Value]]-Table62689345[[#This Row],[PO Value]] -> 806100
A45: 39 | B45: 46035 | C45: Bosch Chassis Systems India Ltd | D45: Pune | E45: maintenance store | F45: Pratap Jagdale | G45: 9970010738 | H45: Pratap.Jagadale@in.bosch.com | I45: 19004857/001 | J45: SPP | K45: Yes | L45: KXIND/W/YD/SPP/26001 | M45: 46017 | N45: 298522 | O45: January | P45: February | Q45: 0.5 | V45: =Table62689345[[#This Row],[Offer Value]]-Table62689345[[#This Row],[PO Value]] -> 298522
A46: 40 | B46: 46035 | C46: Bajaj Auto Ltd | D46: Pune | E46: Veh. Store | F46: Ganesh Navale | G46: 9503050526 | H46: ganesh.navale@bajajauto.co.in | I46: 14000604/001 | J46: SPP | K46: Yes | L46: KXIND/W/SPP/YD/25091 | M46: 46002 | N46: 229100 | O46: January | P46: March | Q46: 0.5 | V46: =Table62689345[[#This Row],[Offer Value]]-Table62689345[[#This Row],[PO Value]] -> 229100
A47: 41 | B47: 46035 | C47: Jabil Circuit India private Limited | D47: Pune | E47: stockroom | F47: Uttam Nichit | G47: 7709187911 | H47: Uttam_Nichit@jabil.com | I47: 22008233/002 | J47: Upgradekit | K47: Yes | L47: KXIND/W/YD/RFK/26007 | M47: 46035 | N47: 1385000 | O47: January | P47: February | Q47: 0.5 | V47: =Table62689345[[#This Row],[Offer Value]]-Table62689345[[#This Row],[PO Value]] -> 1385000
A48: 42 | B48: 46035 | C48: Harman International (I) Pvt Ltd | D48: Pune | E48: stores | F48: Santosh Deshmukh | G48: 9552599231 | H48: santosh.deshmukh@harman.com | I48: 23002397/001 | J48: SPP | K48: Yes | L48: KXIND/W/SPP/YD/26008 | M48: 46035 | N48: 426306 | O48: January | P48: March | Q48: 0.8 | V48: =Table62689345[[#This Row],[Offer Value]]-Table62689345[[#This Row],[PO Value]] -> 426306
A49: 43 | V49: =Table62689345[[#This Row],[Offer Value]]-Table62689345[[#This Row],[PO Value]] -> 0
A50: 44 | V50: =Table62689345[[#This Row],[Offer Value]]-Table62689345[[#This Row],[PO Value]] -> 0
A51: 45 | V51: =Table62689345[[#This Row],[Offer Value]]-Table62689345[[#This Row],[PO Value]] -> 0
A52: 46 | V52: =Table62689345[[#This Row],[Offer Value]]-Table62689345[[#This Row],[PO Value]] -> 0
A53: 47 | V53: =Table62689345[[#This Row],[Offer Value]]-Table62689345[[#This Row],[PO Value]] -> 0
A54: 48 | V54: =Table62689345[[#This Row],[Offer Value]]-Table62689345[[#This Row],[PO Value]] -> 0
A55: 49 | V55: =Table62689345[[#This Row],[Offer Value]]-Table62689345[[#This Row],[PO Value]] -> 0
A56: 50 | V56: =Table62689345[[#This Row],[Offer Value]]-Table62689345[[#This Row],[PO Value]] -> 0
A57: 51 | V57: =Table62689345[[#This Row],[Offer Value]]-Table62689345[[#This Row],[PO Value]] -> 0
A58: 52 | V58: =Table62689345[[#This Row],[Offer Value]]-Table62689345[[#This Row],[PO Value]] -> 0
A59: 53 | V59: =Table62689345[[#This Row],[Offer Value]]-Table62689345[[#This Row],[PO Value]] -> 0
A60: 54 | V60: =Table62689345[[#This Row],[Offer Value]]-Table62689345[[#This Row],[PO Value]] -> 0
... A172: 161 | V172: =Table62689345[[#This Row],[Offer Value]]-Table62689345[[#This Row],[PO Value]] -> 0
V173: =Table62689345[[#This Row],[Offer Value]]-Table62689345[[#This Row],[PO Value]] -> 0
V174: =Table62689345[[#This Row],[Offer Value]]-Table62689345[[#This Row],[PO Value]] -> 0
V175: =Table62689345[[#This Row],[Offer Value]]-Table62689345[[#This Row],[PO Value]] -> 0
V176: =Table62689345[[#This Row],[Offer Value]]-Table62689345[[#This Row],[PO Value]] -> 0
V177: =Table62689345[[#This Row],[Offer Value]]-Table62689345[[#This Row],[PO Value]] -> 0
V178: =Table62689345[[#This Row],[Offer Value]]-Table62689345[[#This Row],[PO Value]] -> 0
V179: =Table62689345[[#This Row],[Offer Value]]-Table62689345[[#This Row],[PO Value]] -> 0
V180: =Table62689345[[#This Row],[Offer Value]]-Table62689345[[#This Row],[PO Value]] -> 0
V181: =Table62689345[[#This Row],[Offer Value]]-Table62689345[[#This Row],[PO Value]] -> 0
V182: =Table62689345[[#This Row],[Offer Value]]-Table62689345[[#This Row],[PO Value]] -> 0
V183: =Table62689345[[#This Row],[Offer Value]]-Table62689345[[#This Row],[PO Value]] -> 0
V184: =Table62689345[[#This Row],[Offer Value]]-Table62689345[[#This Row],[PO Value]] -> 0
... V419: =Table62689345[[#This Row],[Offer Value]]-Table62689345[[#This Row],[PO Value]] -> 0

Sheet Ashraf
A2: KARDEX INDIA - LIVE OFFER FUNEL - ASHRAF - WEST
A3: Total Offers | B3: =COUNTA(B8:B1436) -> 41 | C3: Month | D3: Offers Total | E3: Order received | F3: Forecast | G3: Forecast- Po Received | H3: Month | I3: Offers Total | J3: Order received | K3: Forecast | L3: Forecast- Po Received | M3: Month | N3: Offers Total | O3: Order received | P3: Forecast | Q3: Forecast- Po Received | R3: Month | S3: Offers Total | T3: Order received | U3: Forecast | V3: Forecast- Po Received | W3: Total Open Funnel | X3: =SUM(V21:V2006) -> 24399164
C4: January | D4: =SUMIF($O$7:$O$405,"January",$N$7:$N$405) -> 28089330 | E4: =SUMIF($U$7:$U$405,"January",$T$7:$T$405) -> 3673246 | F4: =SUMIF($P$7:$P$424,"January",$N$7:$N$424) -> 8052443 | G4: =F4-E4 -> 4379197 | H4: April | I4: =SUMIF($O$7:$O$405,"April",$N$7:$N$405) -> 0 | J4: =SUMIF($U$7:$U$405,"April",$T$7:$T$405) -> 0 | K4: =SUMIF($P$7:$P$424,"April",$N$7:$N$424) -> 0 | L4: =K4-J4 -> 0 | M4: July | N4: =SUMIF($O$7:$O$405,"July",$N$7:$N$405) -> 0 | O4: =SUMIF($U$7:$U$405,"July",$T$7:$T$405) -> 0 | P4: =SUMIF($P$7:$P$424,"July",$N$7:$N$424) -> 0 | Q4: =P4-O4 -> 0 | R4: October | S4: =SUMIF($O$7:$O$405,"October",$N$7:$N$405) -> 0 | T4: =SUMIF($U$7:$U$405,"October",$T$7:$T$405) -> 0 | U4: =SUMIF($P$7:$P$424,"October",$N$7:$N$424) -> 0 | V4: =U4-T4 -> 0
C5: February | D5: =SUMIF($O$7:$O$405,"February",$N$7:$N$405) -> 0 | E5: =SUMIF($U$7:$U$405,"February",$T$7:$T$405) -> 0 | F5: =SUMIF($P$7:$P$424,"February",$N$7:$N$424) -> 2004278 | G5: =F5-E5 -> 2004278 | H5: May | I5: =SUMIF($O$7:$O$405,"May",$N$7:$N$405) -> 0 | J5: =SUMIF($U$7:$U$405,"May",$T$7:$T$405) -> 0 | K5: =SUMIF($P$7:$P$424,"May",$N$7:$N$424) -> 0 | L5: =K5-J5 -> 0 | M5: August | N5: =SUMIF($O$7:$O$405,"August",$N$7:$N$405) -> 0 | O5: =SUMIF($U$7:$U$405,"August",$T$7:$T$405) -> 0 | P5: =SUMIF($P$7:$P$424,"August",$N$7:$N$424) -> 0 | Q5: =P5-O5 -> 0 | R5: November | S5: =SUMIF($O$7:$O$405,"November",$N$7:$N$405) -> 0 | T5: =SUMIF($U$7:$U$405,"November",$T$7:$T$405) -> 0 | U5: =SUMIF($P$7:$P$424,"November",$N$7:$N$424) -> 0 | V5: =U5-T5 -> 0
C6: March | D6: =SUMIF($O$7:$O$405,"March",$N$7:$N$405) -> 0 | E6: =SUMIF($U$7:$U$405,"March",$T$7:$T$405) -> 0 | F6: =SUMIF($P$7:$P$424,"March",$N$7:$N$424) -> 18032609 | G6: =F6-E6 -> 18032609 | H6: June | I6: =SUMIF($O$7:$O$405,"June",$N$7:$N$405) -> 0 | J6: =SUMIF($U$7:$U$405,"June",$T$7:$T$405) -> 0 | K6: =SUMIF($P$7:$P$424,"June",$N$7:$N$424) -> 0 | L6: =K6-J6 -> 0 | M6: September | N6: =SUMIF($O$7:$O$405,"September",$N$7:$N$405) -> 0 | O6: =SUMIF($U$7:$U$405,"September",$T$7:$T$405) -> 0 | P6: =SUMIF($P$7:$P$424,"September",$N$7:$N$424) -> 0 | Q6: =P6-O6 -> 0 | R6: December | S6: =SUMIF($O$7:$O$405,"December",$N$7:$N$405) -> 0 | T6: =SUMIF($U$7:$U$405,"December",$T$7:$T$405) -> 0 | U6: =SUMIF($P$7:$P$424,"December",$N$7:$N$424) -> 0 | V6: =U6-T6 -> 0
A7: SL | B7: Reg Date | C7: Company | D7: Location | E7: Department | F7: Contact Person Name | G7: Contact Number | H7: E-Mail ID | I7: Machine Serial Number | J7: Product Type | K7: Lead | L7: Offer Reference Number | M7: Offer Reference Date | N7: Offer Value | O7: Offer Month | P7: PO Expected Month | Q7: Probabality in Percentage | R7: PO Number | S7: PO Date | T7: PO Value | U7: PO Received Month | V7: Open Funnel | W7: Remarks | X7: Status | Y7: Booking Date in SAP B1 | Z7: Offer Entered in CRM | AA7: Offer Closed in CRM
A8: 1 | B8: 45418 | C8: Siemens Ltd. | D8: Mumbai | E8: stores | F8: Nilesh Tandale | G8: 9920190055 | H8: nilesh.tandle@siemens.com | I8: 06008965/001 | J8: Relocation | K8: No | L8: KAR/IND/RE/AB/004 | M8: 45418 | N8: 730000 | O8: January | P8: January | Q8: 1 | R8: 4513049404 | S8: 45531 | T8: 718000 | U8: January | V8: =N8-T8 -> 12000
A9: 2 | B9: 45694 | C9: Kirloskar brothers LTD | D9: Kirloskawadi | E9: LPD | F9: Amit Gotkhindikar | G9: 8459230159 | H9: amit.gotkhindikar@kbl.co.in | I9: 11006582/001 | J9: Contract | K9: NO | L9: KAR/IND/AB/AMC/240021 | M9: 45695 | N9: 82000 | O9: January | P9: January | Q9: 1 | R9: 1600034060 | S9: 45867 | T9: 79540 | U9: January | V9: =N9-T9 -> 2460
A10: 3 | C10: Kirloskar brothers LTD | D10: Kirloskawadi | E10: SMPD | F10: Amit Gotkhindikar | G10: 8459230159 | H10: amit.gotkhindikar@kbl.co.in | I10: 11006583/001 | J10: Contract | K10: NO | L10: KAR/IND/AB/AMC/240021 | M10: 45695 | N10: 82000 | O10: January | P10: January | Q10: 1 | R10: 1600034060 | S10: 45867 | T10: 79540 | U10: January | V10: =N10-T10 -> 2460
A11: 4 | B11: 45890 | C11: Danfoss Power solutions Pvt.ltd. | D11: Pune | E11: Stores | F11: Ramesh Kumbhar | G11: 7447765126 | H11: rkumbhar@danfoss.com | I11: 23003615/001 | J11: Contract | K11: Yes | L11: KRIND/W/MC/AB/NM/25004 | M11: 45890 | N11: 55000 | O11: January | P11: January | Q11: 1 | R11: 4509091008 | S11: 45909 | T11: 55000 | U11: January | V11: =N11-T11 -> 0
A12: 5 | B12: 45890 | C12: Danfoss Power solutions Pvt.ltd. | D12: Pune | E12: Stores | F12: Ramesh Kumbhar | G12: 7447765126 | H12: rkumbhar@danfoss.com | I12: 23003615/001 | J12: Software | K12: Yes | L12: KRIND/W/MC/AB/NM/25004 | M12: 45890 | N12: 32000 | O12: January | P12: January | Q12: 1 | R12: 4509091008 | S12: 45909 | T12: 32000 | U12: January | V12: =N12-T12 -> 0
A13: 6 | B13: 45898 | C13: Firmenich Aerometics I Pvt.ltd. | D13: Mumbai | E13: Ingredients | F13: Shalaka Aparaj | G13: 9136424956 | H13: shalaka.aparaj@dsm-firmenich.com | I13: 18007782/001 | J13: Contract | K13: No | L13: KRIND/W/MC/AB/250030 | M13: 45898 | N13: 58000 | O13: January | P13: January | Q13: 1 | R13: 3800035834 | S13: 45926 | T13: 58000 | U13: January | V13: =N13-T13 -> 0
A14: 7 | B14: 8/29/2025 | C14: Firmenich Aerometics I Pvt.ltd. | D14: Mumbai | E14: Perfumes | F14: Sujay Pujari | G14: 9892946492 | H14: sujay.pujari@dsm-firmenich.com | I14: 18007779/001 | J14: Contract | K14: No | L14: KXIND/W/MC/AB250029 | M14: 8/29/2025 | N14: 58000 | O14: January | P14: January | Q14: 1 | R14: 3800044370 | S14: 45727 | T14: 58000 | U14: January | V14: =N14-T14 -> 0
A15: 8 | C15: Firmenich Aerometics I Pvt.ltd. | D15: Mumbai | E15: Perfumes | F15: Sujay Pujari | G15: 9892946492 | H15: sujay.pujari@dsm-firmenich.com | I15: 18007777/001 | J15: Contract | K15: No | L15: KXIND/W/MC/AB250029 | M15: 8/29/2025 | N15: 58000 | O15: January | P15: January | Q15: 1 | R15: 3800044370 | S15: 45727 | T15: 58000 | U15: January | V15: =N15-T15 -> 0
A16: 9 | C16: Firmenich Aerometics I Pvt.ltd. | D16: Mumbai | E16: Perfumes | F16: Sujay Pujari | G16: 9892946492 | H16: sujay.pujari@dsm-firmenich.com | I16: 18007777/001 | J16: Software | K16: No | L16: KXIND/W/MC/AB250029 | M16: 8/29/2025 | N16: 32000 | O16: January | P16: January | Q16: 1 | R16: 3800044370 | S16: 45727 | T16: 32000 | U16: January | V16: =N16-T16 -> 0
A17: 10 | B17: 45957 | C17: KSPG Automotive India PVT LTD | D17: Pune | E17: Tool Room | F17: Kanchan Patil | G17: 9049009865 | H17: kanchan.patil@in.rheinmetall.com | I17: 18008781/001 | J17: Contract | K17: NO | L17: KXIND/W/MC/AB25031 | M17: 45957 | N17: 70000 | O17: January | P17: January | Q17: 1 | R17: IN4 / 1443021494 | S17: 45964 | T17: 70000 | U17: January | V17: =N17-T17 -> 0
A18: 11 | C18: KSPG Automotive India PVT LTD | D18: Pune | E18: Tool Room | F18: Kanchan Patil | G18: 9049009866 | H18: kanchan.patil@in.rheinmetall.com | I18: 19002522/001 | J18: Contract | K18: NO | L18: KXIND/W/MC/AB25031 | M18: 45957 | N18: 70000 | O18: January | P18: January | Q18: 1 | R18: IN4 / 1443021495 | S18: 45965 | T18: 70000 | U18: January | V18: =N18-T18 -> 0
A19: 12 | B19: 45957 | C19: KSPG Automotive India PVT LTD | D19: Pune | E19: stores | F19: Bharat Markad | G19: 9975371327 | H19: Bharat.Markad@in.rheinmetall.com | I19: 11002648/004 | J19: Contract | K19: NO | L19: REPEAT PO | M19: 45957 | N19: 45000 | O19: January | P19: January | Q19: 1 | R19: 4500088897 | S19: 45958 | T19: 45000 | U19: January | V19: =N19-T19 -> 0
A20: 13 | C20: KSPG Automotive India PVT LTD | D20: Pune | E20: stores | F20: Bharat Markad | G20: 9975371327 | H20: Bharat.Markad@in.rheinmetall.com | I20: 11002654/001 | J20: Contract | K20: NO | L20: REPEAT PO | M20: 45957 | N20: 45000 | O20: January | P20: January | Q20: 1 | R20: 4500088897 | S20: 45958 | T20: 45000 | U20: January | V20: =N20-T20 -> 0
A21: 14 | C21: KSPG Automotive India PVT LTD | D21: Pune | E21: stores | F21: Bharat Markad | G21: 9975371327 | H21: Bharat.Markad@in.rheinmetall.com | I21: 15001232/001 | J21: Contract | K21: NO | L21: REPEAT PO | M21: 45957 | N21: 45000 | O21: January | P21: February | Q21: 0.5 | V21: =N21-T21 -> 45000
A22: 15 | C22: KSPG Automotive India PVT LTD | D22: Pune | E22: stores | F22: Bharat Markad | G22: 9975371327 | H22: Bharat.Markad@in.rheinmetall.com | I22: 15001233/001 | J22: Contract | K22: NO | L22: REPEAT PO | M22: 45957 | N22: 45000 | O22: January | P22: February | Q22: 0.5 | V22: =N22-T22 -> 45000
A23: 16 | C23: KSPG Automotive India PVT LTD | D23: Pune | E23: stores | F23: Bharat Markad | G23: 9975371327 | H23: Bharat.Markad@in.rheinmetall.com | I23: 15001234/001 | J23: Contract | K23: NO | L23: REPEAT PO | M23: 45957 | N23: 45000 | O23: January | P23: January | Q23: 1 | R23: 4500089764 | S23: 46006 | T23: 45000 | U23: January | V23: =N23-T23 -> 0
A24: 17 | B24: 45957 | C24: Bharat petrolium corporation Ltd. | D24: Mumbai | E24: warehouse | F24: Niral K | G24: 8454998540 | H24: niralkhalkho@bharatpetroleum.in | I24: 06005849/001 | J24: Upgradekit | K24: YES | L24: KRIND/W/SPP/AB25004 | M24: 45966 | N24: 1180061 | O24: January | P24: January | Q24: 1 | R24: 4511334164 | S24: 46007 | T24: 1180061 | U24: January | V24: =N24-T24 -> 0
A25: 18 | B25: 45987 | C25: Cummins India Ltd | D25: Pune | E25: NHNT | F25: Sopan Jadhav | H25: sopan.jadhav@cummins.com | I25: 00009908/005 | J25: SPP | K25: YES | L25: KRIND/W/SPP/AB25019 | M25: 45859 | N25: 45000 | O25: January | P25: January | Q25: 1 | R25: IND8333007 | S25: 46006 | T25: 34920 | U25: January | V25: =N25-T25 -> 10080
A26: 19 | B26: 45812 | C26: Alfa Laval India LTD | D26: Pune | E26: DLC | F26: Ranjit Shinde | G26: 7045525011 | H26: ranjit.shinde@alfalaval.com | I26: 07010871/001 | J26: MidlifeUpgrade | K26: NO | L26: KRIND/W/SPP/AB/25015 | M26: 45812 | N26: 550271 | O26: January | P26: March | Q26: 0.5 | V26: =N26-T26 -> 550271
A27: 20 | B27: 45840 | C27: Sedmac Mechatronics Pvt.Ltd. | D27: Pune | E27: Stores | F27: Amol Inamdar | G27: 9689900920 | H27: amol.inamdar@sedemac.com | I27: 18008976/001 | J27: Retrofitkit | K27: YES | L27: KRIND/W/RF/AB26008 | M27: 45840 | N27: 13500000 | O27: January | P27: March | Q27: 0.5 | V27: =N27-T27 -> 13500000
A28: 21 | B28: 45922 | C28: Subros Ltd. | D28: Pune | E28: Stores | F28: shahrukh Kazi | G28: 8888980936 | H28: shaharukh.kazi@subros.com | I28: 12004504/001 | J28: Upgradekit | K28: YES | L28: KRIND/W/SPP/AB250027 | M28: 45922 | N28: 1221242 | O28: January | P28: March | Q28: 0.5 | V28: =N28-T28 -> 1221242
A29: 22 | B29: 45929 | C29: Wirtgen India Pvt.Ltd. | D29: Pune | E29: Kleenman | F29: Sagar Brijpuriya | G29: 8956509715 | H29: sagar.brijpuriya@wirtgen-group.com | I29: 16004741/002 | J29: Contract | K29: No | L29: KXIND/W/MC/AB/25028 | M29: 45898 | N29: 65000 | O29: January | P29: January | Q29: 0.5 | V29: =N29-T29 -> 65000
A30: 23 | C30: Wirtgen India Pvt.Ltd. | D30: Pune | E30: Kleenman | F30: Sagar Brijpuriya | G30: 8956509715 | H30: sagar.brijpuriya@wirtgen-group.com | I30: 16004741/002 | J30: Contract | K30: No | L30: KXIND/W/MC/AB/25028 | M30: 45898 | N30: 65000 | O30: January | P30: January | Q30: 0.5 | V30: =N30-T30 -> 65000
A31: 24 | B31: 46611 | C31: Kalyani technoforge Ltd. | D31: Ambethan | E31: Stores | F31: Rahul Javane | H31: rahul.javane@kalyanitechnoforge.com | J31: Contract | K31: Yes | L31: KRIND/W/MC/AB/NM/25003 | M31: 45881 | N31: 75000 | O31: January | P31: February | Q31: 0.5 | V31: =N31-T31 -> 75000
A32: 25 | B32: 45930 | C32: Alfa Laval India LTD | D32: Pune | E32: HSS | F32: Shashikant Jagtap | G32: 8605611200 | H32: shashikant.jagtap@alfalaval.com | I32: 05008611/001 | J32: SPP | K32: Yes | L32: KRIND/W/SPP/AB25030 | M32: 45930 | N32: 386482 | O32: January | P32: February | Q32: 0.5 | V32: =N32-T32 -> 386482
A33: 26 | B33: 45940 | C33: Bharat Electronics Ltd | D33: Pune | E33: Stores | F33: Vilas Khade | G33: 2022903115 | H33: vilaskhade@bel.co.in | I33: 04002775/002 | J33: SPP | K33: Yes | L33: KRIND/W/SPP/AB25037 | M33: 45940 | N33: 606100 | O33: January | P33: January | Q33: 0.5 | V33: =N33-T33 -> 606100
A34: 27 | B34: 45955 | C34: Knorr-Bremse Systems for Commercial Vehicles | D34: Pune | E34: Stores | F34: Prakash Parihar | G34: 9907829409 | H34: prakashsingh.parihar@knorr-bremse.com | I34: 24000529/001 | J34: SPP | K34: Yes | L34: KRIND/W/SPP/AB25041 | M34: 45955 | N34: 611382 | O34: January | P34: January | Q34: 0.5 | V34: =N34-T34 -> 611382
A35: 28 | B35: 45957 | C35: Knorr-Bremse Systems for Commercial Vehicles | D35: Pune | E35: Stores | F35: Prakash Parihar | G35: 9907829409 | H35: prakashsingh.parihar@knorr-bremse.com | I35: 24000529/001 | J35: Contract | K35: Yes | L35: KXIND/S/AB/SC/25001 | M35: 45957 | N35: 42000 | O35: January | P35: January | Q35: 0.5 | V35: =N35-T35 -> 42000
A36: 29 | B36: 45959 | C36: KSPG Automotive India PVT LTD | D36: Pune | E36: stores | F36: Bharat Markad | G36: 9975371327 | H36: bharat.markad@in.kspg.com | I36: 15001233/001 | J36: SPP | K36: Yes | L36: KRIND/W/SPP/AB25043 | M36: 45959 | N36: 409602 | O36: January | P36: February | Q36: 0.5 | V36: =N36-T36 -> 409602
A37: 30 | B37: 45987 | C37: Cummins India Ltd | D37: Pune | E37: EM | F37: Kiran Dole | H37: kiran.dole@cummins.com | I37: 00009908/005 | J37: SPP | K37: yes | L37: KRIND/W/SPP/AB25044 | M37: 45987 | N37: 975900 | O37: January | P37: January | Q37: 1 | R37: IND8331361 | S37: 46003 | T37: 365690 | U37: January | V37: =N37-T37 -> 610210
A38: 31 | B38: 45989 | C38: Bharat Electronics Ltd | D38: Navi Mumbai | E38: stores | F38: Vishal Kulkarni | G38: 9766935985 | H38: vishal.kulkarni@bel.co.in | I38: 14000071/001 | J38: SPP | K38: Yes | L38: KRIND/W/SPP/AB25045 | M38: 45989 | N38: 350860 | O38: January | P38: February | Q38: 0.5 | V38: =N38-T38 -> 350860
A39: 32 | B39: 46002 | C39: Mahindra & Mahindra LTD | D39: Mumbai | E39: FED | F39: Atul Gade | G39: 9923496979 | H39: GADE.ATUL@mahindra.com | I39: 11010119/001 | J39: SPP | K39: YES | L39: KRIND/W/SPP/AB250046 | M39: 46002 | N39: 561709 | O39: January | P39: March | Q39: 0.5 | V39: =N39-T39 -> 561709
A40: 33 | B40: 45999 | C40: Tata Cummins Pvt Ltd | D40: phaltan | E40: stores | F40: vijay Pawar | G40: 7796646965 | H40: vijay.pawar@cummins.com | I40: 14006903/001 | J40: SPP | K40: YES | L40: KRIND/W/SPP/AB25047 | M40: 45999 | N40: 484800 | O40: January | P40: march | Q40: 0.5 | V40: =N40-T40 -> 484800
A41: 34 | B41: 46027 | C41: KSB Pumps LTD | D41: shirwal | E41: Stores | F41: Sachine Pawar | G41: 9822412607 | H41: sachin.pawar@ksb.com | I41: 02002336/002 | J41: SPP | K41: YES | L41: KRIND/W/SPP/AB/26001 | M41: 46027 | N41: 250000 | O41: January | P41: February | Q41: 0.5 | V41: =N41-T41 -> 250000
A42: 35 | B42: 46028 | C42: PMT Machines LTD | D42: Pune | E42: Stores | F42: Akash Purohit | H42: pmt_mnt@pmtmachines.com | I42: 07006312/001 | J42: SPP | K42: YES | L42: KRIND/W/SPP/AB26002 | M42: 46028 | N42: 350000 | O42: January | P42: March | Q42: 0.5 | V42: =N42-T42 -> 350000
A43: 36 | B43: 46028 | C43: Tata Cummins Pvt Ltd | D43: phaltan | E43: stores | F43: vijay Pawar | G43: 7796646965 | H43: vijay.pawar@cummins.com | I43: 14006903/001 | J43: Upgradekit | K43: Yes | L43: KRIND/W/SPP/AB25028 | M43: 45663 | N43: 516900 | O43: January | P43: March | Q43: 0.5 | V43: =N43-T43 -> 516900
A44: 37 | B44: 46030 | C44: Tata Cummins Pvt Ltd | D44: phaltan | E44: stores | F44: Rameshwar Wable | G44: 8799979267 | H44: rameshwar.wable@cummins.com | I44: 12007483/001 | J44: SPP | K44: Yes | L44: KRIND/W/SPP/AB26004 | M44: 45665 | N44: 500000 | O44: January | P44: January | Q44: 1 | R44: 10059392 | S44: 46034 | T44: 80995 | U44: January | V44: =N44-T44 -> 419005
A45: 38 | B45: 46028 | C45: Firmenich Aerometics I Pvt.ltd. | D45: Mumbai | E45: Stores | F45: Utkarsh Kumar | G45: 9004412241 | H45: utkarsh.kumar@dsm-firmenich.com | I45: 18007781/001 | J45: Contract | K45: No | L45: KXIND/W/MC/AB/26001 | M45: 46028 | N45: 58000 | O45: January | P45: January | Q45: 1 | R45: 3800061135 | S45: 46035 | T45: 58000 | U45: January | V45: =N45-T45 -> 0
A46: 39 | C46: Firmenich Aerometics I Pvt.ltd. | D46: Mumbai | E46: Stores | F46: Utkarsh Kumar | G46: 9004412242 | H46: utkarsh.kumar@dsm-firmenich.com | I46: 18007778/001 | J46: Contract | K46: No | L46: KXIND/W/MC/AB/26001 | M46: 46028 | N46: 58000 | O46: January | P46: January | Q46: 1 | R46: 3800061135 | S46: 46035 | T46: 58000 | U46: January | V46: =N46-T46 -> 0
A47: 40 | C47: Firmenich Aerometics I Pvt.ltd. | D47: Mumbai | E47: Stores | F47: Utkarsh Kumar | G47: 9004412243 | H47: utkarsh.kumar@dsm-firmenich.com | I47: 18007778/002 | J47: Contract | K47: No | L47: KXIND/W/MC/AB/26001 | M47: 46028 | N47: 58000 | O47: January | P47: January | Q47: 1 | R47: 3800061135 | S47: 46035 | T47: 58000 | U47: January | V47: =N47-T47 -> 0
A48: 41 | B48: 46028 | C48: Cummins Technologis India Pvt Ltd | D48: phaltan | E48: PCP1 | F48: Bapu Shinde | G48: 9922560304 | H48: bapu.b.shinde@cummins.com | I48: 16005685/001 | J48: Contract | K48: No | L48: KXIND/W/MC/AB/26002 | M48: 46028 | N48: 80000 | O48: January | P48: January | Q48: 0 | V48: =N48-T48 -> 80000
A49: 42 | C49: Cummins Technologis India Pvt Ltd | D49: phaltan | E49: PCP2 | F49: Bapu Shinde | G49: 9922560305 | H49: bapu.b.shinde@cummins.com | I49: 18007324/001 | J49: Contract | K49: No | L49: KXIND/W/MC/AB/26002 | M49: 46028 | N49: 80000 | O49: January | P49: January | Q49: 1 | R49: IND8356706 | S49: 46036 | T49: 80000 | U49: January | V49: =N49-T49 -> 0
A50: 43 | C50: Cummins Technologis India Pvt Ltd | D50: phaltan | E50: PCP3 | F50: Bapu Shinde | G50: 9922560306 | H50: bapu.b.shinde@cummins.com | I50: 19002965/001 | J50: Contract | K50: No | L50: KXIND/W/MC/AB/26002 | M50: 46028 | N50: 80000 | O50: January | P50: January | Q50: 1 | R50: IND8356706 | S50: 46036 | T50: 80000 | U50: January | V50: =N50-T50 -> 0
A51: 44 | B51: 46031 | C51: Seco Tools India PVT LTD | D51: Pune | E51: Coating | F51: Arun Kadam | G51: 9552579436 | H51: arun.kadam@secotools.com | I51: 13001977/001 | J51: Contract | K51: No | L51: KXIND/W/MC/AB/26003 | M51: 46028 | N51: 63000 | O51: January | P51: January | Q51: 0.5 | V51: =N51-T51 -> 63000
A52: 45 | C52: Seco Tools India PVT LTD | D52: Pune | E52: IGS | F52: Arun Kadam | G52: 9552579436 | H52: arun.kadam@secotools.com | I52: 13005433/001 | J52: Contract | K52: No | L52: KXIND/W/MC/AB/26003 | M52: 46028 | N52: 63000 | O52: January | P52: January | Q52: 0.5 | V52: =N52-T52 -> 63000
A53: 46 | C53: Seco Tools India PVT LTD | D53: Pune | E53: Press Shop | F53: Arun Kadam | G53: 9552579436 | H53: arun.kadam@secotools.com | I53: 11010646/001 | J53: Contract | K53: No | L53: KXIND/W/MC/AB/26003 | M53: 46028 | N53: 63000 | O53: January | P53: January | Q53: 0.5 | V53: =N53-T53 -> 63000
A54: 47 | C54: Seco Tools India PVT LTD | D54: Pune | E54: Sinter | F54: Arun Kadam | G54: 9552579436 | H54: arun.kadam@secotools.com | I54: 13001978/001 | J54: Contract | K54: No | L54: KXIND/W/MC/AB/26003 | M54: 06/01/206 | N54: 63000 | O54: January | P54: January | Q54: 0.5 | V54: =N54-T54 -> 63000
A55: 48 | B55: 46031 | C55: Seco Tools India PVT LTD | D55: Pune | E55: Old Blank Store | F55: Arun Kadam | G55: 9552579436 | H55: arun.kadam@secotools.com | I55: 11010645/001 | J55: Contract | K55: No | L55: KXIND/W/MC/AB/26004 | M55: 46031 | N55: 63000 | O55: January | P55: January | Q55: 0.5 | V55: =N55-T55 -> 63000
A56: 49 | C56: Seco Tools India PVT LTD | D56: Pune | E56: Old Blank Store | F56: Arun Kadam | G56: 9552579436 | H56: arun.kadam@secotools.com | I56: 14000029/001 | J56: Contract | K56: No | L56: KXIND/W/MC/AB/26004 | M56: 46031 | N56: 63000 | O56: January | P56: January | Q56: 0.5 | V56: =N56-T56 -> 63000
A57: 50 | B57: 46031 | C57: Seco Tools India PVT LTD | D57: Pune | E57: Blom | F57: Shivprasad | G57: 7888006957 | H57: shivprasad.kurade@secotools.com | I57: 18006430/001 | J57: Contract | K57: No | L57: KXIND/W/MC/AB/26005 | M57: 46031 | N57: 63000 | O57: January | P57: January | Q57: 0.5 | V57: =N57-T57 -> 63000
A58: 51 | C58: Seco Tools India PVT LTD | D58: Pune | E58: Blom | F58: Shivprasad | G58: 7888006957 | H58: shivprasad.kurade@secotools.com | I58: 17000997/001 | J58: Contract | K58: No | L58: KXIND/W/MC/AB/26006 | M58: 46031 | N58: 130000 | O58: January | P58: January | Q58: 0.5 | V58: =N58-T58 -> 130000
A59: 52 | B59: 46031 | C59: Bajaj Auto Ltd | D59: Pune | E59: Stores | F59: N R PAtil | G59: 9890500449 | H59: nrpatil@bajajauto.co.in | I59: 04005026/001 | J59: Contract | K59: No | L59: KXIND/W/MC/AB/26007 | M59: 45666 | N59: 50000 | O59: January | P59: January | Q59: 0.5 | V59: =N59-T59 -> 50000
A60: 53 | C60: Bajaj Auto Ltd | D60: Pune | E60: Stores | F60: N R PAtil | G60: 9890500449 | H60: nrpatil@bajajauto.co.in | I60: 04005026/002 | J60: Contract | K60: No | L60: KXIND/W/MC/AB/26007 | M60: 45666 | N60: 50000 | O60: January | P60: January | Q60: 0.5 | V60: =N60-T60 -> 50000
A61: 54 | C61: Bajaj Auto Ltd | D61: Pune | E61: Stores | F61: N R PAtil | G61: 9890500449 | H61: nrpatil@bajajauto.co.in | I61: 04005017/001 | J61: Contract | K61: No | L61: KXIND/W/MC/AB/26007 | M61: 45666 | N61: 50000 | O61: January | P61: January | Q61: 0.5 | V61: =N61-T61 -> 50000
A62: 55 | C62: Bajaj Auto Ltd | D62: Pune | E62: Stores | F62: N R PAtil | G62: 9890500449 | H62: nrpatil@bajajauto.co.in | I62: 04005017/002 | J62: Contract | K62: No | L62: KXIND/W/MC/AB/26007 | M62: 45666 | N62: 50000 | O62: January | P62: January | Q62: 0.5 | V62: =N62-T62 -> 50000
A63: 56 | C63: Bajaj Auto Ltd | D63: Pune | E63: Stores | F63: N R PAtil | G63: 9890500449 | H63: nrpatil@bajajauto.co.in | I63: 05007141/001 | J63: Contract | K63: No | L63: KXIND/W/MC/AB/26007 | M63: 45666 | N63: 50000 | O63: January | P63: January | Q63: 0.5 | V63: =N63-T63 -> 50000
A64: 57 | C64: Bajaj Auto Ltd | D64: Pune | E64: Stores | F64: N R PAtil | G64: 9890500449 | H64: nrpatil@bajajauto.co.in | I64: 12002374/001 | J64: Contract | K64: No | L64: KXIND/W/MC/AB/26007 | M64: 45666 | N64: 50000 | O64: January | P64: January | Q64: 0.5 | V64: =N64-T64 -> 50000
A65: 58 | C65: Bajaj Auto Ltd | D65: Pune | E65: Stores | F65: N R PAtil | G65: 9890500449 | H65: nrpatil@bajajauto.co.in | I65: 05007142/001 | J65: Contract | K65: No | L65: KXIND/W/MC/AB/26007 | M65: 45666 | N65: 50000 | O65: January | P65: January | Q65: 0.5 | V65: =N65-T65 -> 50000
A66: 59 | C66: Bajaj Auto Ltd | D66: Pune | E66: Stores | F66: N R PAtil | G66: 9890500449 | H66: nrpatil@bajajauto.co.in | I66: 12002320/001 | J66: Contract | K66: No | L66: KXIND/W/MC/AB/26007 | M66: 45666 | N66: 50000 | O66: January | P66: January | Q66: 0.5 | V66: =N66-T66 -> 50000
A67: 60 | C67: Bajaj Auto Ltd | D67: Pune | E67: Stores | F67: N R PAtil | G67: 9890500449 | H67: nrpatil@bajajauto.co.in | I67: 12002279/001 | J67: Contract | K67: No | L67: KXIND/W/MC/AB/26007 | M67: 45666 | N67: 50000 | O67: January | P67: January | Q67: 0.5 | V67: =N67-T67 -> 50000
A68: 61 | C68: Bajaj Auto Ltd | D68: Pune | E68: Stores | F68: N R PAtil | G68: 9890500449 | H68: nrpatil@bajajauto.co.in | I68: 12002280/001 | J68: Contract | K68: No | L68: KXIND/W/MC/AB/26007 | M68: 45666 | N68: 50000 | O68: January | P68: January | Q68: 0.5 | V68: =N68-T68 -> 50000
A69: 62 | B69: 46031 | C69: Alfa Laval India LTD | D69: AMM | E69: Stores | F69: Jitu Shirke | G69: 9623003468 | H69: jitendra.shirke@alfalaval.com | I69: 07008042/001 | J69: Contract | K69: No | L69: KXIND/W/MC/AB/26008 | M69: 46031 | N69: 77500 | O69: January | P69: January | Q69: 1 | R69: 8182414 | S69: 46034 | T69: 77500 | U69: January | V69: =N69-T69 -> 0
A70: 63 | C70: Alfa Laval India LTD | D70: AMM | E70: Stores | F70: Jitu Shirke | G70: 9623003468 | H70: jitendra.shirke@alfalaval.com | I70: 11000003/001 | J70: Contract | K70: No | L70: KXIND/W/MC/AB/26008 | M70: 46031 | N70: 77500 | O70: January | P70: January | Q70: 1 | R70: 8182414 | S70: 46034 | T70: 77500 | U70: January | V70: =N70-T70 -> 0
A71: 64 | C71: Alfa Laval India LTD | D71: AMM | E71: Stores | F71: Jitu Shirke | G71: 9623003468 | H71: jitendra.shirke@alfalaval.com | I71: 22006265/001 | J71: Contract | K71: No | L71: KXIND/W/MC/AB/26008 | M71: 46031 | N71: 77500 | O71: January | P71: January | Q71: 1 | R71: 8182414 | S71: 46034 | T71: 77500 | U71: January | V71: =N71-T71 -> 0
A72: 65 | B72: 46035 | C72: Sedmac Mechatronics Pvt.Ltd. | D72: Pune | E72: Stores | F72: Sailesh P | G72: 9860022936 | H72: shailesh.pachpohar@sedemac.com | I72: 18008976/001 | J72: Contract | K72: No | L72: KXIND/W/MC/AB26009 | M72: 46035 | N72: 120000 | O72: January | P72: January | Q72: 0.5 | V72: =N72-T72 -> 120000
A73: 66 | C73: Sedmac Mechatronics Pvt.Ltd. | D73: Pune | E73: Stores | F73: Sailesh P | G73: 9860022936 | H73: shailesh.pachpohar@sedemac.com | I73: 21002944/001 | J73: Contract | K73: No | L73: KXIND/W/MC/AB26009 | M73: 46035 | N73: 120000 | O73: January | P73: January | Q73: 0.5 | V73: =N73-T73 -> 120000
A74: 67 | B74: 46035 | C74: Alfa Laval India LTD | D74: Pune | E74: DLC | F74: Ranjit Shinde | G74: 7045525011 | H74: ranjit.shinde@alfalaval.com | I74: 07010871/001 | J74: Contract | K74: No | L74: KXIND/W/MC/AB26010 | M74: 46035 | N74: 77500 | O74: January | P74: January | Q74: 0.5 | V74: =N74-T74 -> 77500
A75: 68 | C75: Alfa Laval India LTD | D75: Pune | E75: DLC | F75: Ranjit Shinde | G75: 7045525011 | H75: ranjit.shinde@alfalaval.com | I75: 19008264/001 | J75: Contract | K75: No | L75: KXIND/W/MC/AB26010 | M75: 46035 | N75: 77500 | O75: January | P75: January | Q75: 0.5 | V75: =N75-T75 -> 77500
A76: 69 | C76: Alfa Laval India LTD | D76: Pune | E76: DLC | F76: Ranjit Shinde | G76: 7045525011 | H76: ranjit.shinde@alfalaval.com | I76: 22008500/001 | J76: Contract | K76: No | L76: KXIND/W/MC/AB26010 | M76: 46035 | N76: 77500 | O76: January | P76: January | Q76: 0.5 | V76: =N76-T76 -> 77500
A77: 70 | B77: 46035 | C77: Alfa Laval India LTD | D77: Pune | E77: Decanter | F77: Sagar pawar | G77: 9146199423 | H77: sagar.pawar@alfalaval.com | I77: 05004742/001 | J77: Contract | K77: No | L77: KXIND/W/MC/AB26011 | M77: 46035 | N77: 77500 | O77: January | P77: January | Q77: 0.5 | V77: =N77-T77 -> 77500
A78: 71 | C78: Alfa Laval India LTD | D78: Pune | E78: Decanter | F78: Sagar pawar | G78: 9146199423 | H78: sagar.pawar@alfalaval.com | I78: 07005164/001 | J78: Contract | K78: No | L78: KXIND/W/MC/AB26011 | M78: 46035 | N78: 77500 | O78: January | P78: January | Q78: 0.5 | V78: =N78-T78 -> 77500
A79: 72 | C79: Alfa Laval India LTD | D79: Pune | E79: Decanter | F79: Sagar pawar | G79: 9146199423 | H79: sagar.pawar@alfalaval.com | I79: 07005169/001 | J79: Contract | K79: No | L79: KXIND/W/MC/AB26011 | M79: 46035 | N79: 77500 | O79: January | P79: January | Q79: 0.5 | V79: =N79-T79 -> 77500
A80: 73 | C80: Alfa Laval India LTD | D80: Pune | E80: Decanter | F80: Sagar pawar | G80: 9146199423 | H80: sagar.pawar@alfalaval.com | I80: 10010116/001 | J80: Contract | K80: No | L80: KXIND/W/MC/AB26011 | M80: 46035 | N80: 77500 | O80: January | P80: January | Q80: 0.5 | V80: =N80-T80 -> 77500
A81: 74 | B81: 46036 | C81: Sedmac Mechatronics Pvt.Ltd. | D81: Pune | E81: Stores | F81: Sailesh P | G81: 9860022936 | H81: shailesh.pachpohar@sedemac.com | I81: 18008976/001 | J81: SPP | K81: Yes | L81: KRIND/W/SPP/AB26005 | M81: 46036 | N81: 442334 | O81: January | P81: February | Q81: 0.5 | V81: =N81-T81 -> 442334
A82: 75 | B82: 46038 | C82: Sandvik Coromant India Pvt Ltd | D82: Pune | E82: IVG | F82: Mahavir Mangave | G82: 8149444467 | H82: mahavir.mangave@sandvik.com | I82: 13003205/001 | J82: SPP | K82: Yes | L82: KRIND/W/SPP/AB26006 | M82: 46038 | N82: 385353 | O82: January | P82: March | Q82: 0.5 | V82: =N82-T82 -> 385353
A83: 76 | B83: 45673 | C83: Sandvik Mining and Rock Technology India Pvt Ltd | D83: Pune | E83: Stores | F83: Ajay Jadhav | G83: 9767455949 | H83: ajay.shivaji_jadhav@sandvik.com | I83: 11007104/001 | J83: SPP | K83: Yes | L83: KRIND/W/SPP/AB26007 | M83: 46038 | N83: 462334 | O83: January | P83: March | Q83: 0.5 | V83: =N83-T83 -> 462334
A84: 77 | V84: =N84-T84 -> 0
A85: 78 | V85: =N85-T85 -> 0
A86: 79 | V86: =N86-T86 -> 0
A87: 80 | V87: =N87-T87 -> 0
A88: 81 | V88: =N88-T88 -> 0
A89: 82 | V89: =N89-T89 -> 0
A90: 83 | V90: =N90-T90 -> 0
A91: 84 | V91: =N91-T91 -> 0
A92: 85 | V92: =N92-T92 -> 0
A93: 86 | V93: =N93-T93 -> 0
A94: 87 | V94: =N94-T94 -> 0
A95: 88 | V95: =N95-T95 -> 0
... A208: 201 | V208: =N208-T208 -> 0
V209: =N209-T209 -> 0
V210: =N210-T210 -> 0
V211: =N211-T211 -> 0
V212: =N212-T212 -> 0
V213: =N213-T213 -> 0
...

Sheet Rahul
A2: KARDEX INDIA - LIVE OFFER FUNEL - RAHUL - WEST
A3: Total Offers | B3: =COUNTA(B8:B1430) -> 35 | C3: Month | D3: Offers Total | E3: Order received | F3: Forecast | G3: Forecast- Po Received | H3: Month | I3: Offers Total | J3: Order received | K3: Forecast | L3: Forecast- Po Received | M3: Month | N3: Offers Total | O3: Order received | P3: Forecast | Q3: Forecast- Po Received | R3: Month | S3: Offers Total | T3: Order received | U3: Forecast | V3: Forecast- Po Received | W3: Total Open Funnel | X3: =SUM(V8:V2000) -> 10201166
C4: January | D4: =SUMIF($O$7:$O$399,"January",$N$7:$N$399) -> 15954234 | E4: =SUMIF($U$7:$U$399,"January",$T$7:$T$399) -> 7830545 | F4: =SUMIF($P$7:$P$418,"January",$N$7:$N$418) -> 7319551 | G4: =F4-E4 -> -510994 | H4: April | I4: =SUMIF($O$7:$O$399,"April",$N$7:$N$399) -> 0 | J4: =SUMIF($U$7:$U$399,"April",$T$7:$T$399) -> 0 | K4: =SUMIF($P$7:$P$418,"April",$N$7:$N$418) -> 443800 | L4: =K4-J4 -> 443800 | M4: July | N4: =SUMIF($O$7:$O$399,"July",$N$7:$N$399) -> 0 | O4: =SUMIF($U$7:$U$399,"July",$T$7:$T$399) -> 0 | P4: =SUMIF($P$7:$P$418,"July",$N$7:$N$418) -> 0 | Q4: =P4-O4 -> 0 | R4: October | S4: =SUMIF($O$7:$O$399,"October",$N$7:$N$399) -> 0 | T4: =SUMIF($U$7:$U$399,"October",$T$7:$T$399) -> 0 | U4: =SUMIF($P$7:$P$418,"October",$N$7:$N$418) -> 0 | V4: =U4-T4 -> 0
C5: February | D5: =SUMIF($O$7:$O$399,"February",$N$7:$N$399) -> 2744733 | E5: =SUMIF($U$7:$U$399,"February",$T$7:$T$399) -> 27360 | F5: =SUMIF($P$7:$P$418,"February",$N$7:$N$418) -> 5546963 | G5: =F5-E5 -> 5519603 | H5: May | I5: =SUMIF($O$7:$O$399,"May",$N$7:$N$399) -> 0 | J5: =SUMIF($U$7:$U$399,"May",$T$7:$T$399) -> 0 | K5: =SUMIF($P$7:$P$418,"May",$N$7:$N$418) -> 2484976 | L5: =K5-J5 -> 2484976 | M5: August | N5: =SUMIF($O$7:$O$399,"August",$N$7:$N$399) -> 0 | O5: =SUMIF($U$7:$U$399,"August",$T$7:$T$399) -> 0 | P5: =SUMIF($P$7:$P$418,"August",$N$7:$N$418) -> 0 | Q5: =P5-O5 -> 0 | R5: November | S5: =SUMIF($O$7:$O$399,"November",$N$7:$N$399) -> 0 | T5: =SUMIF($U$7:$U$399,"November",$T$7:$T$399) -> 0 | U5: =SUMIF($P$7:$P$418,"November",$N$7:$N$418) -> 0 | V5: =U5-T5 -> 0
C6: March | D6: =SUMIF($O$7:$O$399,"March",$N$7:$N$399) -> 0 | E6: =SUMIF($U$7:$U$399,"March",$T$7:$T$399) -> 0 | F6: =SUMIF($P$7:$P$418,"March",$N$7:$N$418) -> 2251617 | G6: =F6-E6 -> 2251617 | H6: June | I6: =SUMIF($O$7:$O$399,"June",$N$7:$N$399) -> 0 | J6: =SUMIF($U$7:$U$399,"June",$T$7:$T$399) -> 0 | K6: =SUMIF($P$7:$P$418,"June",$N$7:$N$418) -> 0 | L6: =K6-J6 -> 0 | M6: September | N6: =SUMIF($O$7:$O$399,"September",$N$7:$N$399) -> 0 | O6: =SUMIF($U$7:$U$399,"September",$T$7:$T$399) -> 0 | P6: =SUMIF($P$7:$P$418,"September",$N$7:$N$418) -> 0 | Q6: =P6-O6 -> 0 | R6: December | S6: =SUMIF($O$7:$O$399,"December",$N$7:$N$399) -> 0 | T6: =SUMIF($U$7:$U$399,"December",$T$7:$T$399) -> 0 | U6: =SUMIF($P$7:$P$418,"December",$N$7:$N$418) -> 652060 | V6: =U6-T6 -> 652060
A7: SL | B7: Reg Date | C7: Company | D7: Location | E7: Department | F7: Contact Person Name | G7: Contact Number | H7: E-Mail ID | I7: Machine Serial Number | J7: Product Type | K7: Lead | L7: Offer Reference Number | M7: Offer Reference Date | N7: Offer Value | O7: Offer Month | P7: PO Expected Month | Q7: Probabality in Percentage | R7: PO Number | S7: PO Date | T7: PO Value | U7: PO Received Month | V7: Open Funnel | W7: Remarks | X7: Status | Y7: Booking Date in SAP B1 | Z7: Offer Entered in CRM | AA7: Offer Closed in CRM
A8: 1 | B8: 46023 | C8: KSB Pumps LTD | D8: Nashik | E8: Maintenance | F8: Dinkar Tarle | G8: 9960460637 | H8: dinkar.tarale@ksb.com | I8: 13004466/001 | J8: SPP | K8: Yes | L8: KXIND/W/SPP/RV25-0081 | M8: 45941 | N8: 1020260 | O8: January | P8: January | Q8: 1 | R8: 4507841035 | S8: 26/12/2025 | T8: 650474 | U8: January | V8: 0
A9: 2 | B9: 46023 | C9: ASB International | D9: Mumbai | E9: Maintenance | F9: Milind Kadam | G9: 9011049428 | H9: milind.kadam@nisseiasb.com | I9: 12005300/001 | J9: Upgradekit | K9: Yes | L9: KXIND/W/MLU/RV25-0089 | M9: 45820 | N9: 927908 | O9: January | P9: January | Q9: 1 | R9: ZPML/3610000692 | S9: 29/12/2025 | T9: 927908 | U9: January | V9: =N9-T9 -> 0
A10: 3 | B10: 46023 | C10: Mylan Laboratories LTD | D10: Aurangabad | E10: Maintenance | F10: Shahed Lathif | G10: 8888827337 | H10: shahed.lathif@viatris.com | I10: 16002947/001 | J10: SPP | K10: Yes | L10: KXIND/W/MLU/RV25-0039 | M10: 45697 | N10: 2062108 | O10: January | P10: January | Q10: 0.7 | R10: 5700206117 & 5700206651 | S10: 26/12/2025 | T10: 1838389 | U10: January | V10: 0
A11: 4 | B11: 46023 | C11: ASB International | D11: Mumbai | E11: Maintenance | F11: Milind Kadam | G11: 9011049428 | H11: milind.kadam@nisseiasb.com | I11: 12005300/001 | J11: Contract | K11: No | L11: KXIND/W/MC/RV25-088 | M11: 45820 | N11: 85700 | O11: January | P11: January | Q11: 1 | R11: ZPSC/4410000720 | S11: 19/12/2025 | T11: 82300 | U11: January | V11: 0
A12: 5 | C12: ASB International | D12: Mumbai | E12: Maintenance | F12: Milind Kadam | G12: 9011049428 | H12: milind.kadam@nisseiasb.com | I12: 12005273/001 | J12: Contract | K12: No | L12: KXIND/W/MC/RV25-088 | M12: 45820 | N12: 85700 | O12: January | P12: January | Q12: 1 | R12: ZPSC/4410000720 | S12: 19/12/2025 | T12: 82300 | U12: January | V12: 0
A13: 6 | C13: ASB International | D13: Mumbai | E13: Maintenance | F13: Milind Kadam | G13: 9011049428 | H13: milind.kadam@nisseiasb.com | I13: 12005301/001 | J13: Contract | K13: No | L13: KXIND/W/MC/RV25-088 | M13: 45820 | N13: 85700 | O13: January | P13: January | Q13: 1 | R13: ZPSC/4410000720 | S13: 19/12/2025 | T13: 82300 | U13: January | V13: 0
A14: 7 | C14: ASB International | D14: Mumbai | E14: Maintenance | F14: Milind Kadam | G14: 9011049428 | H14: milind.kadam@nisseiasb.com | I14: 14000072/001 | J14: Contract | K14: No | L14: KXIND/W/MC/RV25-088 | M14: 45820 | N14: 85700 | O14: January | P14: January | Q14: 1 | R14: ZPSC/4410000720 | S14: 19/12/2025 | T14: 82300 | U14: January | V14: 0
A15: 8 | C15: ASB International | D15: Mumbai | E15: Maintenance | F15: Milind Kadam | G15: 9011049428 | H15: milind.kadam@nisseiasb.com | I15: 14000073/001 | J15: Contract | K15: No | L15: KXIND/W/MC/RV25-088 | M15: 45820 | N15: 85700 | O15: January | P15: January | Q15: 1 | R15: ZPSC/4410000720 | S15: 19/12/2025 | T15: 82300 | U15: January | V15: 0
A16: 9 | C16: ASB International | D16: Mumbai | E16: Maintenance | F16: Milind Kadam | G16: 9011049428 | H16: milind.kadam@nisseiasb.com | I16: 15008008/001 | J16: Contract | K16: No | L16: KXIND/W/MC/RV25-088 | M16: 45820 | N16: 85700 | O16: January | P16: January | Q16: 1 | R16: ZPSC/4410000720 | S16: 19/12/2025 | T16: 82300 | U16: January | V16: 0
A17: 10 | B17: 46023 | C17: Mylan Laboratories LTD | D17: Aurangabad | E17: Engg | F17: Shahed Lathif | G17: 8888827337 | H17: shahed.lathif@viatris.com | I17: 12009614/001 | J17: Contract | K17: No | L17: KXIND/W/MC/RV25-083 | M17: 45972 | N17: 102900 | O17: January | P17: January | Q17: 1 | R17: 5700206412 | S17: 46143 | T17: 102900 | U17: January | V17: =N17-T17 -> 0
A18: 11 | C18: Mylan Laboratories LTD | D18: Aurangabad | E18: Engg | F18: Shahed Lathif | G18: 8888827337 | H18: shahed.lathif@viatris.com | I18: 13006585/001 | J18: Contract | K18: No | L18: KXIND/W/MC/RV25-083 | M18: 45972 | N18: 102900 | O18: January | P18: January | Q18: 1 | R18: 5700206412 | S18: 46143 | T18: 102900 | U18: January | V18: =N18-T18 -> 0
A19: 12 | C19: Mylan Laboratories LTD | D19: Aurangabad | E19: Engg | F19: Shahed Lathif | G19: 8888827337 | H19: shahed.lathif@viatris.com | I19: 15003921/001 | J19: Contract | K19: No | L19: KXIND/W/MC/RV25-083 | M19: 45972 | N19: 102900 | O19: January | P19: January | Q19: 1 | R19: 5700206412 | S19: 46143 | T19: 102900 | U19: January | V19: =N19-T19 -> 0
A20: 13 | C20: Mylan Laboratories LTD | D20: Aurangabad | E20: Engg | F20: Shahed Lathif | G20: 8888827337 | H20: shahed.lathif@viatris.com | I20: 15003709/001 | J20: Contract | K20: No | L20: KXIND/W/MC/RV25-083 | M20: 45972 | N20: 118335 | O20: January | P20: January | Q20: 1 | R20: 5700206412 | S20: 46143 | T20: 118335 | U20: January | V20: =N20-T20 -> 0
A21: 14 | C21: Mylan Laboratories LTD | D21: Aurangabad | E21: Engg | F21: Shahed Lathif | G21: 8888827337 | H21: shahed.lathif@viatris.com | I21: 16002948/001 | J21: Contract | K21: No | L21: KXIND/W/MC/RV25-083 | M21: 45972 | N21: 118335 | O21: January | P21: January | Q21: 1 | R21: 5700206412 | S21: 46143 | T21: 118335 | U21: January | V21: =N21-T21 -> 0
A22: 15 | C22: Mylan Laboratories LTD | D22: Aurangabad | E22: Engg | F22: Shahed Lathif | G22: 8888827337 | H22: shahed.lathif@viatris.com | I22: 16002947/001 | J22: Contract | K22: No | L22: KXIND/W/MC/RV25-083 | M22: 45972 | N22: 118335 | O22: January | P22: January | Q22: 1 | R22: 5700206412 | S22: 46143 | T22: 118335 | U22: January | V22: =N22-T22 -> 0
A23: 16 | C23: Mylan Laboratories LTD | D23: Aurangabad | E23: Engg | F23: Shahed Lathif | G23: 8888827337 | H23: shahed.lathif@viatris.com | I23: 19004083/001 | J23: Contract | K23: No | L23: KXIND/W/MC/RV25-083 | M23: 45972 | N23: 118335 | O23: January | P23: January | Q23: 1 | R23: 5700206412 | S23: 46143 | T23: 118335 | U23: January | V23: =N23-T23 -> 0
A24: 17 | C24: Mylan Laboratories LTD | D24: Aurangabad | E24: Engg | F24: Shahed Lathif | G24: 8888827337 | H24: shahed.lathif@viatris.com | I24: 20007338/001 | J24: Contract | K24: No | L24: KXIND/W/MC/RV25-083 | M24: 45972 | N24: 118335 | O24: January | P24: January | Q24: 1 | R24: 5700206412 | S24: 46143 | T24: 118335 | U24: January | V24: =N24-T24 -> 0
A25: 18 | C25: Mylan Laboratories LTD | D25: Aurangabad | E25: Engg | F25: Shahed Lathif | G25: 8888827337 | H25: shahed.lathif@viatris.com | I25: 20005831/001 | J25: Contract | K25: No | L25: KXIND/W/MC/RV25-083 | M25: 45972 | N25: 118335 | O25: January | P25: January | Q25: 1 | R25: 5700206412 | S25: 46143 | T25: 118335 | U25: January | V25: =N25-T25 -> 0
A26: 19 | C26: Mylan Laboratories LTD | D26: Aurangabad | E26: Engg | F26: Shahed Lathif | G26: 8888827337 | H26: shahed.lathif@viatris.com | I26: 21003712/001 | J26: Contract | K26: No | L26: KXIND/W/MC/RV25-083 | M26: 45972 | N26: 118335 | O26: January | P26: January | Q26: 1 | R26: 5700206412 | S26: 46143 | T26: 118335 | U26: January | V26: =N26-T26 -> 0
A27: 20 | C27: Mylan Laboratories LTD | D27: Aurangabad | E27: Engg | F27: Shahed Lathif | G27: 8888827337 | H27: shahed.lathif@viatris.com | I27: 22001840/001 | J27: Contract | K27: No | L27: KXIND/W/MC/RV25-083 | M27: 45972 | N27: 118335 | O27: January | P27: January | Q27: 1 | R27: 5700206412 | S27: 46143 | T27: 118335 | U27: January | V27: =N27-T27 -> 0
A28: 21 | C28: Mylan Laboratories LTD | D28: Aurangabad | E28: Engg | F28: Shahed Lathif | G28: 8888827337 | H28: shahed.lathif@viatris.com | I28: 23003303/001 | J28: Contract | K28: Yes | L28: KXIND/W/MC/RV25-083 | M28: 45972 | N28: 118335 | O28: January | P28: January | Q28: 1 | R28: 5700206412 | S28: 46143 | T28: 118335 | U28: January | V28: =N28-T28 -> 0
A29: 22 | B29: 46023 | C29: Mylan Laboratories LTD | D29: Nashik | E29: QC | F29: Kiran Mapari | G29: 2551674799 | H29: kiran.mapari@viatris.com | I29: 15003032/001 | J29: Contract | K29: No | L29: KXIND/W/MC/RV25-0085 | M29: 45972 | N29: 118335 | O29: January | P29: January | Q29: 1 | R29: 5700204128 | S29: 46235 | T29: 118335 | U29: January | V29: =N29-T29 -> 0
A30: 23 | C30: Mylan Laboratories LTD | D30: Nashik | E30: QC | F30: Kiran Mapari | G30: 2551674799 | H30: kiran.mapari@viatris.com | I30: 15003032/002 | J30: Contract | K30: No | L30: KXIND/W/MC/RV25-0085 | M30: 45972 | N30: 118335 | O30: January | P30: January | Q30: 1 | R30: 5700204128 | S30: 46235 | T30: 118335 | U30: January | V30: =N30-T30 -> 0
A31: 24 | C31: Mylan Laboratories LTD | D31: Nashik | E31: QC | F31: Kiran Mapari | G31: 2551674799 | H31: kiran.mapari@viatris.com | I31: 18005565/001 | J31: Contract | K31: No | L31: KXIND/W/MC/RV25-0085 | M31: 45972 | N31: 118335 | O31: January | P31: January | Q31: 1 | R31: 5700204128 | S31: 46235 | T31: 118335 | U31: January | V31: =N31-T31 -> 0
A32: 25 | C32: Mylan Laboratories LTD | D32: Nashik | E32: QC | F32: Kiran Mapari | G32: 2551674799 | H32: kiran.mapari@viatris.com | I32: 18005565/002 | J32: Contract | K32: No | L32: KXIND/W/MC/RV25-0085 | M32: 45972 | N32: 118335 | O32: January | P32: January | Q32: 1 | R32: 5700204128 | S32: 46235 | T32: 118335 | U32: January | V32: =N32-T32 -> 0
A33: 26 | C33: Mylan Laboratories LTD | D33: Nashik | E33: QC | F33: Kiran Mapari | G33: 2551674799 | H33: kiran.mapari@viatris.com | I33: 18005565/003 | J33: Contract | K33: No | L33: KXIND/W/MC/RV25-0085 | M33: 45972 | N33: 118335 | O33: January | P33: January | Q33: 1 | R33: 5700204128 | S33: 46235 | T33: 118335 | U33: January | V33: =N33-T33 -> 0
A34: 27 | C34: Mylan Laboratories LTD | D34: Nashik | E34: QC | F34: Kiran Mapari | G34: 2551674799 | H34: kiran.mapari@viatris.com | I34: 18005565/004 | J34: Contract | K34: No | L34: KXIND/W/MC/RV25-0085 | M34: 45972 | N34: 118335 | O34: January | P34: January | Q34: 1 | R34: 5700204128 | S34: 46235 | T34: 118335 | U34: January | V34: =N34-T34 -> 0
A35: 28 | C35: Mylan Laboratories LTD | D35: Nashik | E35: QC | F35: Kiran Mapari | G35: 2551674799 | H35: kiran.mapari@viatris.com | I35: 18005565/005 | J35: Contract | K35: No | L35: KXIND/W/MC/RV25-0085 | M35: 45972 | N35: 118335 | O35: January | P35: January | Q35: 1 | R35: 5700204128 | S35: 46235 | T35: 118335 | U35: January | V35: =N35-T35 -> 0
A36: 29 | C36: Mylan Laboratories LTD | D36: Nashik | E36: QC | F36: Kiran Mapari | G36: 2551674799 | H36: kiran.mapari@viatris.com | I36: 21003710/001 | J36: Contract | K36: No | L36: KXIND/W/MC/RV25-0085 | M36: 45972 | N36: 118335 | O36: January | P36: January | Q36: 1 | R36: 5700204128 | S36: 46235 | T36: 118335 | U36: January | V36: =N36-T36 -> 0
A37: 30 | B37: 46023 | C37: Endress Hauser Flowtec India Pvt ltd | D37: Aurangabad | E37: Maintenance | F37: Babasaheb Badar | G37: 8888836078 | H37: babasaheb.badar@endress.com | I37: 04005535/001 | J37: Contract | K37: No | L37: KXIND/W/MC/RV25-075 | M37: 14/10/2025 | N37: 55200 | O37: January | P37: January | Q37: 1 | R37: A02/1030265429 | S37: 13/11/2025 | T37: 55200 | U37: January | V37: =N37-T37 -> 0
A38: 31 | B38: 46023 | C38: Bosch Ltd | D38: Nashik | E38: LOM | F38: Harsha Daswani | G38: 9607001672 | H38: harsha.daswani@in.bosch.com | I38: 05007890/001 | J38: Upgradekit | K38: Yes | L38: KXIND/W/MLU/RV25-017 | M38: 15/3/2025 | N38: 625800 | O38: January | P38: February | Q38: 0.7 | V38: =N38-T38 -> 625800
A39: 32 | B39: 46023 | C39: Bosch Ltd | D39: Nashik | E39: LOM | F39: Harsha Daswani | G39: 9607001672 | H39: harsha.daswani@in.bosch.com | I39: 05007890/001 | J39: SPP | K39: Yes | L39: KXIND/W/SPP/RV25-0069 | M39: 45786 | N39: 19700 | O39: January | P39: February | Q39: 0.7 | V39: =N39-T39 -> 19700
A40: 33 | B40: 46023 | C40: KSPG Automotive India PVT LTD | D40: Supa | E40: Maintenance | F40: Baban Thube | G40: 8411055991 | H40: baban.thube@in.rheinmetall.com | I40: 15006099/001 | J40: Contract | K40: No | L40: KXIND/W/MC/RV25-0072 | M40: 26/9/2025 | N40: 80000 | O40: January | P40: February | Q40: 0.7 | V40: =N40-T40 -> 80000
A41: 34 | B41: 46023 | C41: Siemens Ltd. | D41: Mumbai | E41: Maintenance | F41: Dattaram Bagayatkar | G41: 9819509486 | H41: dattaram.bagayatkar@siemens.com | I41: 06006147/001 | J41: Contract | K41: No | L41: KXIND/W/MC/RV25-0074 | M41: 45879 | N41: 80000 | O41: January | P41: February | Q41: 0.7 | V41: =N41-T41 -> 80000
A42: 35 | C42: Siemens Ltd. | D42: Mumbai | E42: Maintenance | F42: Dattaram Bagayatkar | G42: 9819509486 | H42: dattaram.bagayatkar@siemens.com | I42: 10001386/001 | J42: Contract | K42: No | L42: KXIND/W/MC/RV25-0074 | M42: 45879 | N42: 80000 | O42: January | P42: February | Q42: 0.7 | V42: =N42-T42 -> 80000
A43: 36 | C43: Siemens Ltd. | D43: Mumbai | E43: Maintenance | F43: Dattaram Bagayatkar | G43: 9819509486 | H43: dattaram.bagayatkar@siemens.com | I43: 500003859 | J43: Contract | K43: No | L43: KXIND/W/MC/RV25-0074 | M43: 45879 | N43: 80000 | O43: January | P43: February | Q43: 0.7 | V43: =N43-T43 -> 80000
A44: 37 | C44: Siemens Ltd. | D44: Mumbai | E44: Maintenance | F44: Dattaram Bagayatkar | G44: 9819509486 | H44: dattaram.bagayatkar@siemens.com | I44: 11002921/001 | J44: Contract | K44: No | L44: KXIND/W/MC/RV25-0074 | M44: 45879 | N44: 80000 | O44: January | P44: February | Q44: 0.7 | V44: =N44-T44 -> 80000
A45: 38 | C45: Siemens Ltd. | D45: Mumbai | E45: Maintenance | F45: Dattaram Bagayatkar | G45: 9819509486 | H45: dattaram.bagayatkar@siemens.com | I45: 05006083/001 | J45: Contract | K45: No | L45: KXIND/W/MC/RV25-0074 | M45: 45879 | N45: 80000 | O45: January | P45: February | Q45: 0.7 | V45: =N45-T45 -> 80000
A46: 39 | C46: Siemens Ltd. | D46: Mumbai | E46: Maintenance | F46: Dattaram Bagayatkar | G46: 9819509486 | H46: dattaram.bagayatkar@siemens.com | I46: 09002884/001 | J46: Contract | K46: No | L46: KXIND/W/MC/RV25-0074 | M46: 45879 | N46: 80000 | O46: January | P46: February | Q46: 0.7 | V46: =N46-T46 -> 80000
A47: 40 | C47: Siemens Ltd. | D47: Mumbai | E47: Maintenance | F47: Dattaram Bagayatkar | G47: 9819509486 | H47: dattaram.bagayatkar@siemens.com | I47: 11010674/001 | J47: Contract | K47: No | L47: KXIND/W/MC/RV25-0074 | M47: 45879 | N47: 80000 | O47: January | P47: February | Q47: 0.7 | V47: =N47-T47 -> 80000
A48: 41 | C48: Siemens Ltd. | D48: Mumbai | E48: Maintenance | F48: Dattaram Bagayatkar | G48: 9819509486 | H48: dattaram.bagayatkar@siemens.com | I48: 11004947/001 | J48: Contract | K48: No | L48: KXIND/W/MC/RV25-0074 | M48: 45879 | N48: 80000 | O48: January | P48: February | Q48: 0.7 | V48: =N48-T48 -> 80000
A49: 42 | C49: Siemens Ltd. | D49: Mumbai | E49: Maintenance | F49: Dattaram Bagayatkar | G49: 9819509486 | H49: dattaram.bagayatkar@siemens.com | I49: 11004359/001 | J49: Contract | K49: No | L49: KXIND/W/MC/RV25-0074 | M49: 45879 | N49: 80000 | O49: January | P49: February | Q49: 0.7 | V49: =N49-T49 -> 80000
A50: 43 | C50: Siemens Ltd. | D50: Mumbai | E50: Maintenance | F50: Dattaram Bagayatkar | G50: 9819509486 | H50: dattaram.bagayatkar@siemens.com | I50: 10002925/001 | J50: Contract | K50: No | L50: KXIND/W/MC/RV25-0074 | M50: 45879 | N50: 80000 | O50: January | P50: February | Q50: 0.7 | V50: =N50-T50 -> 80000
A51: 44 | C51: Siemens Ltd. | D51: Mumbai | E51: Maintenance | F51: Dattaram Bagayatkar | G51: 9819509486 | H51: dattaram.bagayatkar@siemens.com | I51: 08006407/001 | J51: Contract | K51: No | L51: KXIND/W/MC/RV25-0074 | M51: 45879 | N51: 80000 | O51: January | P51: February | Q51: 0.7 | V51: =N51-T51 -> 80000
A52: 45 | C52: Siemens Ltd. | D52: Mumbai | E52: Maintenance | F52: Dattaram Bagayatkar | G52: 9819509486 | H52: dattaram.bagayatkar@siemens.com | I52: 06008965/001 | J52: Contract | K52: No | L52: KXIND/W/MC/RV25-0074 | M52: 45879 | N52: 80000 | O52: January | P52: February | Q52: 0.7 | V52: =N52-T52 -> 80000
A53: 46 | C53: Siemens Ltd. | D53: Mumbai | E53: Maintenance | F53: Dattaram Bagayatkar | G53: 9819509486 | H53: dattaram.bagayatkar@siemens.com | I53: 06008965/002 | J53: Contract | K53: No | L53: KXIND/W/MC/RV25-0074 | M53: 45879 | N53: 80000 | O53: January | P53: February | Q53: 0.7 | V53: =N53-T53 -> 80000
A54: 47 | B54: 46023 | C54: Bosch Ltd | D54: Nashik | E54: Planing Store | F54: Rahul Ratu | G54: 96004444138 | H54: rahul.raut@in.bosch.com | I54: 97007156/001 | J54: Contract | K54: No | L54: KXIND/W/MC/RV25-0079 | M54: 45819 | N54: 76440 | O54: January | P54: February | Q54: 0.7 | R54: 85446648 | S54: 19/1/2026 | T54: 76440 | U54: January | V54: =N54-T54 -> 0
A55: 48 | C55: Bosch Ltd | D55: Nashik | E55: Planing Store | F55: Rahul Ratu | G55: 96004444138 | H55: rahul.raut@in.bosch.com | I55: 15004871/001 | J55: Contract | K55: No | L55: KXIND/W/MC/RV25-0079 | M55: 45819 | N55: 76440 | O55: January | P55: February | Q55: 0.7 | R55: 85446648 | S55: 19/1/2026 | T55: 76440 | U55: January | V55: =N55-T55 -> 0
A56: 49 | B56: 46023 | C56: Siemens Ltd. | D56: Aurangabad | E56: SWS | F56: Vivek Mishra | G56: 9890304103 | H56: mishra.vivek@siemens-energy-india.com | I56: 10009903/001 | J56: Contract | K56: No | L56: KXIND/W/MC/RV25-0080 | M56: 45911 | N56: 110000 | O56: January | P56: February | Q56: 0.7 | V56: =N56-T56 -> 110000
A57: 50 | C57: Siemens Ltd. | D57: Aurangabad | E57: SWS | F57: Vivek Mishra | G57: 9890304103 | H57: mishra.vivek@siemens-energy-india.com | I57: 10009904/001 | J57: Contract | K57: No | L57: KXIND/W/MC/RV25-0080 | M57: 45911 | N57: 110000 | O57: January | P57: February | Q57: 0.7 | V57: =N57-T57 -> 110000
A58: 51 | C58: Siemens Ltd. | D58: Aurangabad | E58: SWS | F58: Vivek Mishra | G58: 9890304103 | H58: mishra.vivek@siemens-energy-india.com | I58: 11007450/001 | J58: Contract | K58: No | L58: KXIND/W/MC/RV25-0080 | M58: 45911 | N58: 110000 | O58: January | P58: February | Q58: 0.7 | V58: =N58-T58 -> 110000
A59: 52 | B59: 46054 | C59: Bharat Bijlee Ltd | D59: Mumbai | E59: Maintenance | F59: Sachin Lad | G59: 9326387581 | H59: sachin.lad@bharatbijlee.com | I59: 08005177/001 | J59: Contract | K59: No | L59: KXIND/W/MC/RV25-0090 | M59: 45820 | N59: 74500 | O59: January | P59: February | Q59: 0.7 | R59: 6000063663 | S59: 23/1/2026 | T59: 70700 | U59: January | V59: =N59-T59 -> 3800
A60: 53 | C60: Bharat Bijlee Ltd | D60: Mumbai | E60: Maintenance | F60: Sachin Lad | G60: 9326387581 | H60: sachin.lad@bharatbijlee.com | I60: 08005177/002 | J60: Contract | K60: No | L60: KXIND/W/MC/RV25-0090 | M60: 45820 | N60: 74500 | O60: January | P60: February | Q60: 0.7 | R60: 6000063663 | S60: 23/1/2026 | T60: 70700 | U60: January | V60: =N60-T60 -> 3800
A61: 54 | C61: Bharat Bijlee Ltd | D61: Mumbai | E61: Maintenance | F61: Sachin Lad | G61: 9326387581 | H61: sachin.lad@bharatbijlee.com | I61: 11001977/001 | J61: Contract | K61: No | L61: KXIND/W/MC/RV25-0090 | M61: 45820 | N61: 74500 | O61: January | P61: February | Q61: 0.7 | R61: 6000063663 | S61: 23/1/2026 | T61: 70700 | U61: January | V61: =N61-T61 -> 3800
A62: 55 | C62: Bharat Bijlee Ltd | D62: Mumbai | E62: Maintenance | F62: Sachin Lad | G62: 9326387581 | H62: sachin.lad@bharatbijlee.com | I62: 11001978/001 | J62: Contract | K62: No | L62: KXIND/W/MC/RV25-0090 | M62: 45820 | N62: 74500 | O62: January | P62: February | Q62: 0.7 | R62: 6000063663 | S62: 23/1/2026 | T62: 70700 | U62: January | V62: =N62-T62 -> 3800
A63: 56 | B63: 46054 | C63: ASB International | D63: Mumbai | E63: B85 | F63: Ganesh Kalyani | G63: 9860890445 | H63: ganesh.kalyani@nisseiasb.com | I63: 18000431/001 | J63: Contract | K63: No | L63: KXIND/W/MC/RV25-0091 | M63: 45912 | N63: 85700 | O63: January | P63: February | Q63: 0.7 | R63: ZPSV/6410000329 | S63: 13/1/2026 | T63: 83200 | U63: January | V63: 0
A64: 57 | C64: ASB International | D64: Mumbai | E64: B85 | F64: Ganesh Kalyani | G64: 9860890445 | H64: ganesh.kalyani@nisseiasb.com | I64: 18000431/002 | J64: Contract | K64: No | L64: KXIND/W/MC/RV25-0091 | M64: 45912 | N64: 85700 | O64: January | P64: February | Q64: 0.7 | R64: ZPSV/6410000329 | S64: 13/1/2026 | T64: 83200 | U64: January | V64: 0
A65: 58 | C65: ASB International | D65: Mumbai | E65: B85 | F65: Ganesh Kalyani | G65: 9860890445 | H65: ganesh.kalyani@nisseiasb.com | I65: 18000433/001 | J65: Contract | K65: No | L65: KXIND/W/MC/RV25-0091 | M65: 45912 | N65: 85700 | O65: January | P65: February | Q65: 0.7 | R65: ZPSV/6410000329 | S65: 13/1/2026 | T65: 83200 | U65: January | V65: 0
A66: 59 | C66: ASB International | D66: Mumbai | E66: B85 | F66: Ganesh Kalyani | G66: 9860890445 | H66: ganesh.kalyani@nisseiasb.com | I66: 18002088/001 | J66: Contract | K66: No | L66: KXIND/W/MC/RV25-0091 | M66: 45912 | N66: 85700 | O66: January | P66: February | Q66: 0.7 | R66: ZPSV/6410000329 | S66: 13/1/2026 | T66: 83200 | U66: January | V66: 0
A67: 60 | B67: 46082 | C67: Siemens Ltd. | D67: Mumbai | E67: Motor | F67: Suraj Musmade | G67: 9422906585 | H67: suraj.musmade@siemens.com | I67: 06005996/001 | J67: Contract | K67: No | L67: KXIND/W/MC/RV25-0092 | M67: 45912 | N67: 80000 | O67: January | P67: March | Q67: 0.8 | V67: =N67-T67 -> 80000
A68: 61 | C68: Siemens Ltd. | D68: Mumbai | E68: Motor | F68: Suraj Musmade | G68: 9422906585 | H68: suraj.musmade@siemens.com | I68: 11010672/001 | J68: Contract | K68: No | L68: KXIND/W/MC/RV25-0092 | M68: 45912 | N68: 80000 | O68: January | P68: March | Q68: 0.8 | V68: =N68-T68 -> 80000
A69: 62 | C69: Siemens Ltd. | D69: Mumbai | E69: Motor | F69: Suraj Musmade | G69: 9422906585 | H69: suraj.musmade@siemens.com | I69: 11010675/001 | J69: Contract | K69: No | L69: KXIND/W/MC/RV25-0092 | M69: 45912 | N69: 80000 | O69: January | P69: March | Q69: 0.8 | V69: =N69-T69 -> 80000
A70: 63 | C70: Siemens Ltd. | D70: Mumbai | E70: Motor | F70: Suraj Musmade | G70: 9422906585 | H70: suraj.musmade@siemens.com | I70: 11004360/001 | J70: Contract | K70: No | L70: KXIND/W/MC/RV25-0092 | M70: 45912 | N70: 80000 | O70: January | P70: March | Q70: 0.8 | V70: =N70-T70 -> 80000
A71: 64 | B71: 45717 | C71: Bajaj Auto Ltd | D71: Aurangabad | E71: 3WH | F71: Chandashekhar Pathak | G71: 7757057351 | H71: cspathak@bajajauto.co.in | I71: 14002435/001 | J71: Contract | K71: no | L71: KXIND/W/MC/RV25-0093 | M71: 15/12/2025 | N71: 97200 | O71: January | P71: February | Q71: 0.7 | R71: 3110016525 | S71: 46204 | T71: 93312 | U71: January | V71: 0
A72: 65 | B72: 45717 | C72: Siemens Ltd. | D72: Nashik | E72: Store | F72: Prasad Dusane | G72: 9850225626 | H72: prasad.dusane@siemens.com | I72: 11003368/001 | J72: Retrofitkit | K72: Yes | L72: KXIND/W/RF/RV25-0094 | M72: 15/12/2025 | N72: 443800 | O72: January | P72: April | Q72: 0.5 | V72: =N72-T72 -> 443800
A73: 66 | B73: 4/1/20205 | C73: Innovatec India Pvt ltd | D73: Mumbai | E73: Planing Store | F73: Naresh Mokal | G73: 9769361395 | H73: naresh.mokal@innomotics.com | I73: 23002775/001 | J73: Contract | K73: Yes | L73: KXIND/W/MC/RV25-0095 | M73: 15/12/2025 | N73: 80000 | O73: January | P73: February | Q73: 0.8 | V73: =N73-T73 -> 80000
A74: 67 | C74: Innovatec India Pvt ltd | D74: Mumbai | E74: Planing Store | F74: Naresh Mokal | G74: 9769361395 | H74: naresh.mokal@innomotics.com | I74: 11010673/001 | J74: Contract | K74: Yes | L74: KXIND/W/MC/RV25-0095 | M74: 15/12/2025 | N74: 80000 | O74: January | P74: February | Q74: 0.8 | V74: =N74-T74 -> 80000
A75: 68 | B75: 45778 | C75: Bosch Ltd | D75: Nashik | E75: TEF3 | F75: Renuka Navander | G75: 9595134464 | H75: renuka.navandar@in.bosch.com | I75: 06009241/001 | J75: SPP | K75: Yes | L75: KXIND/W/SPP/RV25-0096 | M75: 17/12/2025 | N75: 238100 | O75: January | P75: January | Q75: 1 | R75: POE 49542811 - YQL | S75: 15/01/2026 | T75: 238100 | U75: January | V75: =N75-T75 -> 0
A76: 69 | B76: 46143 | C76: GKN Sinter Metals LTD | D76: Ahmednagar | E76: Maintenance | F76: Ganesh Jadhav | G76: 8805061137 | H76: ganesh.jadhav@gknpm.com | I76: 10005194/001 | J76: Retrofitkit | K76: Yes | L76: KXIND/W/RF/RV25-0097 | M76: 19/12/2025 | N76: 780900 | O76: January | P76: March | Q76: 0.4 | V76: =N76-T76 -> 780900
A77: 70 | B77: 46143 | C77: Mahindra & Mahindra LTD | D77: Igatpuri | E77: Maintenance | F77: Razzak Azizur | G77: 9049668781 | H77: razzak.azizur@mahindra.com | I77: 20005727/001 | J77: BDCharges | K77: No | L77: KXIND/W/SER/RV25-0098 | M77: 45912 | N77: 28500 | O77: January | P77: January | Q77: 0.4 | R77: 3400837885 | S77: 21/1/2026 | T77: 28500 | U77: January | V77: =N77-T77 -> 0
A78: 71 | B78: 46143 | C78: Bosch Ltd | D78: Nashik | E78: HR | F78: Rina Pagar | G78: 9823395205 | H78: rina.pagar@in.bosch.com | I78: 06009235/001 | J78: Contract | K78: No | L78: KXIND/W/MC/RV25-0086 | M78: 45972 | N78: 76440 | O78: January | P78: January | Q78: 0.7 | R78: 85445073 | S78: 46204 | T78: 76440 | U78: January | V78: =N78-T78 -> 0
A79: 72 | C79: Bosch Ltd | D79: Nashik | E79: Med | F79: Rina Pagar | G79: 9823395205 | H79: rina.pagar@in.bosch.com | I79: 101001594 | J79: Contract | K79: No | L79: KXIND/W/MC/RV25-0086 | M79: 45972 | N79: 76440 | O79: January | P79: January | Q79: 0.7 | R79: 85445073 | S79: 46204 | T79: 76440 | U79: January | V79: =N79-T79 -> 0
A80: 73 | B80: 46143 | C80: Siemens Ltd. | D80: Aurangabad | E80: SWS | F80: Vivek Mishra | G80: 9890304103 | H80: mishra.vivek@siemens-energy-india.com | I80: 10009903/001 | J80: SPP | K80: YES | L80: KXIND/W/SPP/RV25-0059 | M80: 45969 | N80: 652060 | O80: January | P80: December | Q80: 0.3 | V80: =N80-T80 -> 652060
A81: 74 | B81: 46266 | C81: Innovatec India Pvt ltd | D81: Mumbai | E81: Planing Store | F81: Naresh Mokal | G81: 9769361395 | H81: naresh.mokal@innomotics.com | I81: 11010673/001 | J81: SPP | K81: Yes | L81: KXIND/W/SPP/RV26-001 | M81: 46266 | N81: 341100 | O81: January | P81: March | Q81: 0.5 | V81: =N81-T81 -> 341100
A82: 75 | B82: 46023 | C82: Hindustan Aeronautics LTD | D82: Nashik | E82: SU30 | F82: Ramesh Dodve | G82: 9405209839 | H82: ramesh.dodve@hal-india.co.in | I82: 15000048/001 | J82: MidlifeUpgrade | K82: Yes | L82: KXIND/W/MLU/RV24-067 | M82: 45360 | N82: 1618603 | O82: January | P82: February | Q82: 0.6 | V82: =N82-T82 -> 1618603
A83: 76 | B83: 46023 | C83: Hindustan Aeronautics LTD | D83: Nashik | E83: SU30 | F83: Ramesh Dodve | G83: 9405209839 | H83: ramesh.dodve@hal-india.co.in | I83: 15000048/001 | J83: Contract | K83: Yes | L83: KXIND/W/MC/RV24-068 | M83: 45360 | N83: 92000 | O83: January | P83: February | Q83: 0.6 | V83: =N83-T83 -> 92000
A84: 77 | B84: 45658 | C84: Hindustan Aeronautics LTD | D84: Nashik | E84: SU30 | F84: Ramesh Dodve | G84: 9405209839 | H84: ramesh.dodve@hal-india.co.in | I84: 15000049/001 | J84: Contract | K84: Yes | L84: KXIND/W/MC/RV24-068 | M84: 45360 | N84: 92000 | O84: January | P84: February | Q84: 0.6 | V84: =N84-T84 -> 92000
A85: 78 | B85: 22/1/2026 | C85: Bosch Ltd | D85: Nashik | E85: 106 | F85: Rahul Ratu | G85: 96004444138 | H85: rahul.raut@in.bosch.com | I85: 97007156/001 | J85: SPP | K85: Yes | L85: KXIND/W/SPP/RV26-0002 | M85: 22/1/2026 | N85: 597980 | O85: January | P85: February | Q85: 0.5 | V85: =N85-T85 -> 597980
A86: 79 | B86: 26/1/2026 | C86: Mahindra & Mahindra LTD | D86: Nashik | E86: Maintenance | F86: Razzak Azizur | G86: 9049668781 | H86: razzak.azizur@mahindra.com | I86: 07003779/001 | J86: SPP | K86: Yes | L86: KXIND/W/SPP/RV26-0003 | M86: 26/1/2026 | N86: 247290 | O86: January | P86: March | Q86: 0.4 | V86: =N86-T86 -> 247290
A87: 80 | B87: 27/1/2026 | C87: ABB India Ltd | D87: Nashik | E87: Maintenance | F87: Sandeep Patil | G87: 9923000353 | H87: sandeep.patil@in.abb.com | I87: 07004576/001 | J87: SPP | K87: Yes | L87: KXIND/W/SPP/RV26-0004 | M87: 27/1/2026 | N87: 274070 | O87: January | P87: March | Q87: 0.3 | R87: 3391143112 | S87: 29/1/2026 | T87: 263107 | U87: January | V87: 0
A88: 81 | B88: 27/1/2026 | C88: ABB India Ltd | D88: Nashik | E88: Maintenance | F88: Sandeep Patil | G88: 9923000353 | H88: sandeep.patil@in.abb.com | I88: 07004576/001 | J88: BD Charges | K88: No | L88: KXIND/W/SER/RV26-0005 | M88: 27/1/2026 | N88: 28500 | O88: January | P88: March | Q88: 0.3 | R88: 2100057492 | S88: 46114 | T88: 27360 | U88: February | V88: 0
A89: 82 | B89: 46114 | C89: Bharat Bijlee Ltd | D89: Mumbai | E89: Motor | F89: Sachin Lad | G89: 9326387581 | H89: sachin.lad@bharatbijlee.com | I89: 11001977/001 | J89: SPP | K89: Yes | L89: KXIND/W/SPP/RV26-0006 | M89: 46114 | N89: 259757 | O89: February | P89: March | Q89: 0.5 | V89: =N89-T89 -> 259757
A90: 83 | B90: 46114 | C90: Bosch Ltd | D90: Nashik | E90: TEF3 | F90: Renuka Navander | G90: 9595134464 | H90: renuka.navandar@in.bosch.com | I90: 06009241/001 | J90: SPP | K90: Yes | L90: KXIND/W/SPP/RV26-0007 | M90: 46114 | N90: 857980 | O90: February | P90: May | Q90: 0.4 | V90: =N90-T90 -> 857980
A91: 84 | B91: 46144 | C91: Siemens Ltd. | D91: Nashik | F91: Prasad Dusane | G91: 9850225626 | H91: prasad.dusane@siemens.com | I91: 11003367/001 | J91: SPP | K91: Yes | L91: KXIND/W/SPP/RV26-0008 | M91: 46144 | N91: 1626996 | O91: February | P91: May | Q91: 0.3 | V91: =N91-T91 -> 1626996
A92: 85 | V92: =N92-T92 -> 0
A93: 86 | V93: =N93-T93 -> 0
A94: 87 | V94: =N94-T94 -> 0
A95: 88 | V95: =N95-T95 -> 0
A96: 89 | V96: =N96-T96 -> 0
A97: 90 | V97: =N97-T97 -> 0
A98: 91 | V98: =N98-T98 -> 0
A99: 92 | V99: =N99-T99 -> 0
A100: 93 | V100: =N100-T100 -> 0
A101: 94 | V101: =N101-T101 -> 0
...

Sheet Minesh
A2: KARDEX INDIA - LIVE OFFER FUNEL - MINESH - WEST
A3: Total Offers | B3: =COUNTA(B8:B1430) -> 22 | C3: Month | D3: Offers Total | E3: Order received | F3: Forecast | G3: Forecast- Po Received | H3: Month | I3: Offers Total | J3: Order received | K3: Forecast | L3: Forecast- Po Received | M3: Month | N3: Offers Total | O3: Order received | P3: Forecast | Q3: Forecast- Po Received | R3: Month | S3: Offers Total | T3: Order received | U3: Forecast | V3: Forecast- Po Received | W3: Total Open Funnel | X3: =SUM(V8:V2000) -> 2219300
C4: January | D4: =SUMIF($O$7:$O$389,"January",$N$7:$N$389) -> 3822185 | E4: =SUMIF($U$7:$U$389,"January",$T$7:$T$389) -> 2053685 | F4: =SUMIF($P$7:$P$408,"January",$N$7:$N$408) -> 2035685 | G4: =F4-E4 -> -18000 | H4: April | I4: =SUMIF($O$7:$O$389,"April",$N$7:$N$389) -> 0 | J4: =SUMIF($U$7:$U$389,"April",$T$7:$T$389) -> 0 | K4: =SUMIF($P$7:$P$408,"April",$N$7:$N$408) -> 0 | L4: =K4-J4 -> 0 | M4: July | N4: =SUMIF($O$7:$O$389,"July",$N$7:$N$389) -> 0 | O4: =SUMIF($U$7:$U$389,"July",$T$7:$T$389) -> 0 | P4: =SUMIF($P$7:$P$408,"July",$N$7:$N$408) -> 0 | Q4: =P4-O4 -> 0 | R4: October | S4: =SUMIF($O$7:$O$389,"October",$N$7:$N$389) -> 0 | T4: =SUMIF($U$7:$U$389,"October",$T$7:$T$389) -> 0 | U4: =SUMIF($P$7:$P$408,"October",$N$7:$N$408) -> 0 | V4: =U4-T4 -> 0
C5: February | D5: =SUMIF($O$7:$O$389,"February",$N$7:$N$389) -> 800800 | E5: =SUMIF($U$7:$U$389,"February",$T$7:$T$389) -> 350000 | F5: =SUMIF($P$7:$P$408,"February",$N$7:$N$408) -> 1786500 | G5: =F5-E5 -> 1436500 | H5: May | I5: =SUMIF($O$7:$O$389,"May",$N$7:$N$389) -> 0 | J5: =SUMIF($U$7:$U$389,"May",$T$7:$T$389) -> 0 | K5: =SUMIF($P$7:$P$408,"May",$N$7:$N$408) -> 0 | L5: =K5-J5 -> 0 | M5: August | N5: =SUMIF($O$7:$O$389,"August",$N$7:$N$389) -> 0 | O5: =SUMIF($U$7:$U$389,"August",$T$7:$T$389) -> 0 | P5: =SUMIF($P$7:$P$408,"August",$N$7:$N$408) -> 0 | Q5: =P5-O5 -> 0 | R5: November | S5: =SUMIF($O$7:$O$389,"November",$N$7:$N$389) -> 0 | T5: =SUMIF($U$7:$U$389,"November",$T$7:$T$389) -> 0 | U5: =SUMIF($P$7:$P$408,"November",$N$7:$N$408) -> 0 | V5: =U5-T5 -> 0
C6: March | D6: =SUMIF($O$7:$O$389,"March",$N$7:$N$389) -> 0 | E6: =SUMIF($U$7:$U$389,"March",$T$7:$T$389) -> 0 | F6: =SUMIF($P$7:$P$408,"March",$N$7:$N$408) -> 800800 | G6: =F6-E6 -> 800800 | H6: June | I6: =SUMIF($O$7:$O$389,"June",$N$7:$N$389) -> 0 | J6: =SUMIF($U$7:$U$389,"June",$T$7:$T$389) -> 0 | K6: =SUMIF($P$7:$P$408,"June",$N$7:$N$408) -> 0 | L6: =K6-J6 -> 0 | M6: September | N6: =SUMIF($O$7:$O$389,"September",$N$7:$N$389) -> 0 | O6: =SUMIF($U$7:$U$389,"September",$T$7:$T$389) -> 0 | P6: =SUMIF($P$7:$P$408,"September",$N$7:$N$408) -> 0 | Q6: =P6-O6 -> 0 | R6: December | S6: =SUMIF($O$7:$O$389,"December",$N$7:$N$389) -> 0 | T6: =SUMIF($U$7:$U$389,"December",$T$7:$T$389) -> 0 | U6: =SUMIF($P$7:$P$408,"December",$N$7:$N$408) -> 0 | V6: =U6-T6 -> 0
A7: SL | B7: Reg Date | C7: Company | D7: Location | E7: Department | F7: Contact Person Name | G7: Contact Number | H7: E-Mail ID | I7: Machine Serial Number | J7: Product Type | K7: Lead | L7: Offer Reference Number | M7: Offer Reference Date | N7: Offer Value | O7: Offer Month | P7: PO Expected Month | Q7: Probabality in Percentage | R7: PO Number | S7: PO Date | T7: PO Value | U7: PO Received Month | V7: =Table62689345[[#This Row],[Offer Value]]-Table62689345[[#This Row],[PO Value]] -> #VALUE! | W7: Remarks | X7: Status | Y7: Booking Date in SAP B1 | Z7: Offer Entered in CRM | AA7: Offer Closed in CRM
A8: 1 | B8: 46023 | C8: Schaeffler India Limited | D8: Savli, Vadodara | E8: Tool Crib | F8: Dinesh | G8: 9099183804 | H8: chouddne@schaeffler.com | I8: 22007546/001 | J8: Contract | K8: Yes | L8: KXIND/W/MV/MC/25047 | M8: 45816 | N8: 78750 | O8: January | P8: January | Q8: 1 | R8: 7001113889 | S8: 45727 | T8: 78750 | U8: January | V8: =N8-T8 -> 0
A9: 2 | C9: Schaeffler India Limited | D9: Savli, Vadodara | E9: Maintenance | F9: Nirav Shah | G9: 9825619914 | H9: nirav.shah@schaeffler.com | I9: 22007945/001 | J9: Contract | K9: Yes | L9: KXIND/W/MV/MC/25048 | M9: 45816 | N9: 78750 | O9: January | P9: January | Q9: 1 | R9: 7001094920 | S9: 17/10/2025 | T9: 78750 | U9: January | V9: =N9-T9 -> 0
A10: 3 | C10: Schaeffler India Limited | D10: Savli, Vadodara | E10: Maintenance | F10: Nirav Shah | G10: 9825619914 | H10: nirav.shah@schaeffler.com | I10: 22007945/002 | J10: Contract | K10: Yes | L10: KXIND/W/MV/MC/25048 | M10: 45816 | N10: 78750 | O10: January | P10: January | Q10: 1 | R10: 7001175723 | S10: 28/12/2025 | T10: 78750 | U10: January | V10: =N10-T10 -> 0
A11: 4 | B11: 46023 | C11: Hero Moto Corp Ltd. | D11: halol | E11: Maintenance | F11: Bhavin Patel | G11: 9687806743 | H11: patel.bhavinkumar@heromotocorp.com | I11: 15006703/001 | J11: Contract | K11: No | L11: KXIND/W/MV/MC/25054 | M11: 20/8/2025 | N11: 85000 | O11: January | P11: January | Q11: 1 | R11: 2710001257 | S11: 16/09/2025 | T11: 85000 | U11: January | V11: =N11-T11 -> 0
A12: 5 | C12: Hero Moto Corp Ltd. | D12: halol | E12: Maintenance | F12: Bhavin Patel | G12: 9687806743 | H12: patel.bhavinkumar@heromotocorp.com | I12: 15006703/002 | J12: Contract | K12: No | L12: KXIND/W/MV/MC/25054 | M12: 20/8/2025 | N12: 85000 | O12: January | P12: January | Q12: 1 | R12: 2710001257 | S12: 16/09/2025 | T12: 85000 | U12: January | V12: =N12-T12 -> 0
A13: 6 | B13: 46023 | C13: ABB India Ltd | D13: Vadodara | E13: Stores | F13: Adi pandey | G13: 7600027767 | H13: adi.pandey@in.abb.com | I13: 11010630/001 | J13: Contract | K13: No | L13: KXIND/W/MV/MC/25059 | M13: 45697 | N13: 90000 | O13: January | P13: January | Q13: 1 | R13: 2100055536 | S13: 26/12/2025 | T13: 90000 | U13: January | V13: =N13-T13 -> 0
A14: 7 | C14: ABB India Ltd | D14: Vadodara | E14: Stores | F14: Adi pandey | G14: 7600027767 | H14: adi.pandey@in.abb.com | I14: 11010631/001 | J14: Contract | K14: No | L14: KXIND/W/MV/MC/25059 | M14: 45697 | N14: 90000 | O14: January | P14: January | Q14: 1 | R14: 2100055536 | S14: 26/12/2025 | T14: 90000 | U14: January | V14: =N14-T14 -> 0
A15: 8 | B15: 46023 | C15: Rotomotive Powerdrives India Ltd | D15: Anand | E15: Maintenance | F15: Devang Doliya | G15: 7990844521 | H15: maintenance@rotomotive.com | I15: 11008006/001 | J15: Contract | K15: No | L15: KXIND/W/MV/MC/25060 | M15: 45697 | N15: 60400 | O15: January | P15: January | Q15: 1 | R15: PON2/25/0812 | S15: 45786 | T15: 60400 | U15: January | V15: =N15-T15 -> 0
A16: 9 | B16: 46023 | C16: Kabra Extrusiontechnik Ltd | D16: Daman | E16: Maintenance | F16: Krunal Patel | G16: 7226982211 | H16: krunal.patel@kolsitegroup.com | I16: 10007235/001 | J16: Contract | K16: No | L16: KXIND/W/MV/MC/25068 | M16: 45698 | N16: 85560 | O16: January | P16: January | Q16: 1 | R16: 4900003846 | S16: 45788 | T16: 85560 | U16: January | V16: =N16-T16 -> 0
A17: 10 | B17: 46023 | C17: Kirloskar brothers LTD | D17: Ahmadabad | E17: Maintenance | F17: Hiren Patel | G17: 7624008077 | H17: Hirenkumar.Patel@kbl.co.in | I17: 17001433 / 001 | J17: Contract | K17: No | L17: KXIND/W/MV/MC/25069 | M17: 45698 | N17: 71250 | O17: January | P17: January | Q17: 1 | R17: 1600036220 | S17: 45912 | T17: 71250 | U17: January | V17: =N17-T17 -> 0
A18: 11 | B18: 46023 | C18: Power Build Ltd | D18: Anand | E18: Purchase | F18: Vimal V. Kachhia | G18: 9726567697 | H18: vvkachhia@powerbuild.in | I18: 22005478/001 | J18: SPP | K18: No | L18: KXIND/W/MV/SPP/25073 | M18: 45848 | N18: 330000 | O18: January | P18: February | Q18: 0.6 | V18: =N18-T18 -> 330000
A19: 12 | B19: 46023 | C19: Jaiko Industries Ltd | D19: Ankleshwar | E19: Plant Head | F19: Vinod Mahajan | G19: 9426806524 | H19: jaikoindustries2011@gmail.com | I19: 10007105/001 | J19: Contract | K19: No | L19: KXIND/W/MV/MC/25076 | M19: 45758 | N19: 86000 | O19: January | P19: February | Q19: 0.85 | V19: =N19-T19 -> 86000
A20: 13 | B20: 46023 | C20: Intas Pharmaceuticals Ltd | D20: Ahmadabad | E20: Maintenance | F20: Vinod Prajapati | G20: 9924484458 | H20: Vinodkumar_prajapati@intaspharma.com | I20: 12002008/001 | J20: Contract | K20: No | L20: KXIND/W/MV/MC/25078 | M20: 45758 | N20: 66000 | O20: January | P20: February | Q20: 0.6 | V20: =N20-T20 -> 66000
A21: 14 | C21: Intas Pharmaceuticals Ltd | D21: Ahmadabad | E21: Maintenance | F21: Vinod Prajapati | G21: 9924484458 | H21: Vinodkumar_prajapati@intaspharma.com | I21: 12002008/002 | J21: Contract | K21: No | L21: KXIND/W/MV/MC/25078 | M21: 45758 | N21: 66000 | O21: January | P21: February | Q21: 0.6 | V21: =N21-T21 -> 66000
A22: 15 | C22: Intas Pharmaceuticals Ltd | D22: Ahmadabad | E22: Maintenance | F22: Vinod Prajapati | G22: 9924484458 | H22: Vinodkumar_prajapati@intaspharma.com | I22: 12002008/003 | J22: Contract | K22: No | L22: KXIND/W/MV/MC/25078 | M22: 45758 | N22: 66000 | O22: January | P22: February | Q22: 0.6 | V22: =N22-T22 -> 66000
A23: 16 | C23: Intas Pharmaceuticals Ltd | D23: Ahmadabad | E23: Maintenance | F23: Vinod Prajapati | G23: 9924484458 | H23: Vinodkumar_prajapati@intaspharma.com | I23: 12002008/004 | J23: Contract | K23: No | L23: KXIND/W/MV/MC/25078 | M23: 45758 | N23: 66000 | O23: January | P23: February | Q23: 0.6 | V23: =N23-T23 -> 66000
A24: 17 | C24: Intas Pharmaceuticals Ltd | D24: Ahmadabad | E24: Maintenance | F24: Vinod Prajapati | G24: 9924484458 | H24: Vinodkumar_prajapati@intaspharma.com | I24: 12002008/005 | J24: Contract | K24: No | L24: KXIND/W/MV/MC/25078 | M24: 45758 | N24: 66000 | O24: January | P24: February | Q24: 0.6 | V24: =N24-T24 -> 66000
A25: 18 | C25: Intas Pharmaceuticals Ltd | D25: Ahmadabad | E25: Maintenance | F25: Vinod Prajapati | G25: 9924484458 | H25: Vinodkumar_prajapati@intaspharma.com | I25: 12002008/006 | J25: Contract | K25: No | L25: KXIND/W/MV/MC/25078 | M25: 45758 | N25: 66000 | O25: January | P25: February | Q25: 0.6 | V25: =N25-T25 -> 66000
A26: 19 | C26: Intas Pharmaceuticals Ltd | D26: Ahmadabad | E26: Maintenance | F26: Vinod Prajapati | G26: 9924484458 | H26: Vinodkumar_prajapati@intaspharma.com | I26: 12002008/007 | J26: Contract | K26: No | L26: KXIND/W/MV/MC/25078 | M26: 45758 | N26: 66000 | O26: January | P26: February | Q26: 0.6 | V26: =N26-T26 -> 66000
A27: 20 | C27: Intas Pharmaceuticals Ltd | D27: Ahmadabad | E27: Maintenance | F27: Vinod Prajapati | G27: 9924484458 | H27: Vinodkumar_prajapati@intaspharma.com | I27: 12002008/008 | J27: Contract | K27: No | L27: KXIND/W/MV/MC/25078 | M27: 45758 | N27: 66000 | O27: January | P27: February | Q27: 0.6 | V27: =N27-T27 -> 66000
A28: 21 | C28: Intas Pharmaceuticals Ltd | D28: Ahmadabad | E28: Maintenance | F28: Vinod Prajapati | G28: 9924484458 | H28: Vinodkumar_prajapati@intaspharma.com | I28: 12002008/009 | J28: Contract | K28: No | L28: KXIND/W/MV/MC/25078 | M28: 45758 | N28: 66000 | O28: January | P28: February | Q28: 0.6 | V28: =N28-T28 -> 66000
A29: 22 | C29: Intas Pharmaceuticals Ltd | D29: Ahmadabad | E29: Maintenance | F29: Vinod Prajapati | G29: 9924484458 | H29: Vinodkumar_prajapati@intaspharma.com | I29: 12002008/010 | J29: Contract | K29: No | L29: KXIND/W/MV/MC/25078 | M29: 45758 | N29: 66000 | O29: January | P29: February | Q29: 0.6 | V29: =N29-T29 -> 66000
A30: 23 | B30: 46023 | C30: Ferromatik Milacron India Ltd (Milacron India Pvt ltd) | D30: Ahmadabad | E30: Maintenance | F30: Kalpesh Panchal | G30: 9722013361 | H30: Kalpesh_Panchal@milacron.com | I30: 11002444/001 | J30: Contract | K30: No | L30: KXIND/W/MV/MC/25082- R1 | M30: 18/12/2025 | N30: 53000 | O30: January | P30: January | Q30: 0.9 | R30: 25132717 | S30: 30/12/2025 | T30: 53000 | U30: January | V30: =N30-T30 -> 0
A31: 24 | C31: Ferromatik Milacron India Ltd (Milacron India Pvt ltd) | D31: Ahmadabad | E31: Maintenance | F31: Kalpesh Panchal | G31: 9722013361 | H31: Kalpesh_Panchal@milacron.com | I31: 11002457/001 | J31: Contract | K31: No | L31: KXIND/W/MV/MC/25082- R1 | M31: 18/12/2025 | N31: 53000 | O31: January | P31: January | Q31: 0.9 | R31: 25132717 | S31: 30/12/2025 | T31: 53000 | U31: January | V31: =N31-T31 -> 0
A32: 25 | C32: Ferromatik Milacron India Ltd (Milacron India Pvt ltd) | D32: Ahmadabad | E32: Maintenance | F32: Kalpesh Panchal | G32: 9722013361 | H32: Kalpesh_Panchal@milacron.com | I32: 10003923/001 | J32: Contract | K32: No | L32: KXIND/W/MV/MC/25082- R1 | M32: 18/12/2025 | N32: 53000 | O32: January | P32: January | Q32: 0.9 | R32: 25132717 | S32: 30/12/2025 | T32: 53000 | U32: January | V32: =N32-T32 -> 0
A33: 26 | C33: Ferromatik Milacron India Ltd (Milacron India Pvt ltd) | D33: Ahmadabad | E33: Maintenance | F33: Kalpesh Panchal | G33: 9722013361 | H33: Kalpesh_Panchal@milacron.com | I33: 22006105/001 | J33: Contract | K33: No | L33: KXIND/W/MV/MC/25082- R1 | M33: 18/12/2025 | N33: 53000 | O33: January | P33: January | Q33: 0.9 | R33: 25132717 | S33: 30/12/2025 | T33: 53000 | U33: January | V33: =N33-T33 -> 0
A34: 27 | C34: Ferromatik Milacron India Ltd (Milacron India Pvt ltd) | D34: Ahmadabad | E34: Maintenance | F34: Kalpesh Panchal | G34: 9722013361 | H34: Kalpesh_Panchal@milacron.com | I34: 22006105/002 | J34: Contract | K34: No | L34: KXIND/W/MV/MC/25082- R1 | M34: 18/12/2025 | N34: 53000 | O34: January | P34: January | Q34: 0.9 | R34: 25132717 | S34: 30/12/2025 | T34: 53000 | U34: January | V34: =N34-T34 -> 0
A35: 28 | C35: Ferromatik Milacron India Ltd (Milacron India Pvt ltd) | D35: Ahmadabad | E35: Maintenance | F35: Kalpesh Panchal | G35: 9722013361 | H35: Kalpesh_Panchal@milacron.com | I35: 22006106/001 | J35: Contract | K35: No | L35: KXIND/W/MV/MC/25082- R1 | M35: 18/12/2025 | N35: 53000 | O35: January | P35: January | Q35: 0.9 | R35: 25132717 | S35: 30/12/2025 | T35: 53000 | U35: January | V35: =N35-T35 -> 0
A36: 29 | C36: Ferromatik Milacron India Ltd (Milacron India Pvt ltd) | D36: Ahmadabad | E36: Maintenance | F36: Kalpesh Panchal | G36: 9722013361 | H36: Kalpesh_Panchal@milacron.com | I36: 22006108/001 | J36: Contract | K36: No | L36: KXIND/W/MV/MC/25082- R1 | M36: 18/12/2025 | N36: 53000 | O36: January | P36: January | Q36: 0.9 | R36: 25132717 | S36: 30/12/2025 | T36: 53000 | U36: January | V36: =N36-T36 -> 0
A37: 30 | B37: 46023 | C37: KHS Machinery Pvt Ltd | D37: Ahmadabad | E37: Maintenance | F37: Biresh Banerjee | G37: 9898646272 | H37: Biresh.Banerjee@khs.com | I37: 06007041/001 | J37: Contract | K37: No | L37: KXIND/W/MV/MC/25083 - R1 | M37: 46266 | N37: 55125 | O37: January | P37: January | Q37: 0.9 | R37: 91049299 | S37: 13/01/2026 | T37: 55125 | U37: January | V37: =N37-T37 -> 0 | W37: We have received 3 years PO
A38: 31 | C38: KHS Machinery Pvt Ltd | D38: Ahmadabad | E38: Maintenance | F38: Biresh Banerjee | G38: 9898646272 | H38: Biresh.Banerjee@khs.com | I38: 06007041/002 | J38: Contract | K38: No | L38: KXIND/W/MV/MC/25083 - R1 | M38: 46266 | N38: 55125 | O38: January | P38: January | Q38: 0.9 | R38: 91049299 | S38: 13/01/2026 | T38: 55125 | U38: January | V38: =N38-T38 -> 0 | W38: We have received 3 years PO
A39: 32 | C39: KHS Machinery Pvt Ltd | D39: Ahmadabad | E39: Maintenance | F39: Biresh Banerjee | G39: 9898646272 | H39: Biresh.Banerjee@khs.com | I39: 06007041/003 | J39: Contract | K39: No | L39: KXIND/W/MV/MC/25083 - R1 | M39: 46266 | N39: 55125 | O39: January | P39: January | Q39: 0.9 | R39: 91049299 | S39: 13/01/2026 | T39: 55125 | U39: January | V39: =N39-T39 -> 0 | W39: We have received 3 years PO
A40: 33 | C40: KHS Machinery Pvt Ltd | D40: Ahmadabad | E40: Maintenance | F40: Biresh Banerjee | G40: 9898646272 | H40: Biresh.Banerjee@khs.com | I40: 06007041/004 | J40: Contract | K40: No | L40: KXIND/W/MV/MC/25083 - R1 | M40: 46266 | N40: 55125 | O40: January | P40: January | Q40: 0.9 | R40: 91049299 | S40: 13/01/2026 | T40: 55125 | U40: January | V40: =N40-T40 -> 0 | W40: We have received 3 years PO
A41: 34 | C41: KHS Machinery Pvt Ltd | D41: Ahmadabad | E41: Maintenance | F41: Biresh Banerjee | G41: 9898646272 | H41: Biresh.Banerjee@khs.com | I41: 06007041/005 | J41: Contract | K41: No | L41: KXIND/W/MV/MC/25083 - R1 | M41: 46266 | N41: 55125 | O41: January | P41: January | Q41: 0.9 | R41: 91049299 | S41: 13/01/2026 | T41: 55125 | U41: January | V41: =N41-T41 -> 0 | W41: We have received 3 years PO
A42: 35 | B42: 46023 | C42: Turbo Energy Pvt Ltd | D42: Vadodara | E42: Maintenance | F42: Mr. Kabilan | G42: 8072231531 | H42: TEV_Utility@turboenergy.co.in | I42: 18001203/001 | J42: Contract | K42: No | L42: KXIND/W/MV/MC/25084 | M42: 18/12/2025 | N42: 90000 | O42: January | P42: January | Q42: 0.9 | R42: 6800050248 | S42: 24/12/2025 | T42: 90000 | U42: January | V42: =N42-T42 -> 0
A43: 36 | B43: 46023 | C43: Firmenich Aerometics I Pvt.ltd. | D43: Daman | E43: QA | F43: Niteshkumar Patel | G43: 9033953449 | H43: Niteshkumar.PATEL@dsm-firmenich.com | I43: 18001930/001 | J43: Contract | K43: No | L43: KXIND/W/MV/MC/25085 | M43: 27/12/2025 | N43: 58000 | O43: January | P43: January | Q43: 0.9 | R43: 3800059115 | S43: 46174 | T43: 58000 | U43: January | V43: =N43-T43 -> 0
A44: 37 | C44: Firmenich Aerometics I Pvt.ltd. | D44: Daman | E44: QA | F44: Niteshkumar Patel | G44: 9033953449 | H44: Niteshkumar.PATEL@dsm-firmenich.com | I44: 18001930/002 | J44: Contract | K44: No | L44: KXIND/W/MV/MC/25085 | M44: 27/12/2025 | N44: 58000 | O44: January | P44: January | Q44: 0.9 | R44: 3800059115 | S44: 46174 | T44: 58000 | U44: January | V44: =N44-T44 -> 0
A45: 38 | C45: Firmenich Aerometics I Pvt.ltd. | D45: Daman | E45: QA | F45: Niteshkumar Patel | G45: 9033953449 | H45: Niteshkumar.PATEL@dsm-firmenich.com | I45: 18001930/003 | J45: Contract | K45: No | L45: KXIND/W/MV/MC/25085 | M45: 27/12/2025 | N45: 58000 | O45: January | P45: January | Q45: 0.9 | R45: 3800059115 | S45: 46174 | T45: 58000 | U45: January | V45: =N45-T45 -> 0
A46: 39 | B46: 46023 | C46: Force Motors Ltd | D46: pithampur | E46: Maintenance | F46: Manoj Verma | G46: 9575300235 | H46: mverma@forcemotors.com | I46: 15005798/001 | J46: Contract | K46: No | L46: KXIND/W/MV/MC/25086 | M46: 27/12/2025 | N46: 60000 | O46: January | P46: January | Q46: 0.8 | R46: 6460008580 | S46: 30/01/2026 | T46: 60000 | U46: February | V46: =N46-T46 -> 0
A47: 40 | B47: 46023 | C47: Elecon Engg Co Ltd | D47: Anand | E47: Purchase | F47: Gawrang Soni | G47: 8160147583 | H47: gjsoni@elecon.com | I47: 07003522/001 | J47: SPP | K47: Yes | L47: KXIND/W/MV/SPP/25087 | M47: 27/12/2025 | N47: 175600 | O47: January | P47: January | Q47: 0.9 | R47: 732927/ 0 | S47: 29/12/2025 | T47: 175600 | U47: January | V47: =N47-T47 -> 0
A48: 41 | B48: 46266 | C48: Cosmos Impex | D48: Vadodara | E48: Mfg. Stores | F48: Dharmesh Patel | G48: 9512009372 | H48: mfg.stores1@cosmos.in | I48: 23004114/001 | J48: Contract | K48: Yes | L48: KXIND/W/MV/MC/26001 | M48: 46266 | N48: 78000 | O48: January | P48: February | Q48: 0.6 | R48: 1300004372 | S48: 20/01/2026 | T48: 78000 | U48: January | V48: =N48-T48 -> 0
A49: 42 | B49: 46266 | C49: Cosmos Impex | D49: Vadodara | E49: Mfg. Stores | F49: Dharmesh Patel | G49: 9512009372 | H49: mfg.stores1@cosmos.in | I49: 23004114/001 | J49: BDCharges | K49: No | L49: KXIND/W/MV/OTH/26002 | M49: 46266 | N49: 22500 | O49: January | P49: February | Q49: 0.6 | V49: =N49-T49 -> 22500
A50: 43 | B50: 13/1/2026 | C50: Firmenich Aerometics I Pvt.ltd. | D50: Dahej | E50: QA | F50: Bhavesh Bhatt | G50: 9099036218 | H50: Bhavesh.BHATT@dsm-firmenich.com | I50: 18001927/001 | J50: Contract | K50: No | L50: KXIND/W/MV/MC/26003 | M50: 13/1/2026 | N50: 58000 | O50: January | P50: February | Q50: 0.8 | R50: 3800068846 | S50: 46267 | T50: 58000 | U50: February | V50: =N50-T50 -> 0
A51: 44 | C51: Firmenich Aerometics I Pvt.ltd. | D51: Dahej | E51: QA | F51: Bhavesh Bhatt | G51: 9099036218 | H51: Bhavesh.BHATT@dsm-firmenich.com | I51: 18001927/002 | J51: Contract | K51: No | L51: KXIND/W/MV/MC/26003 | M51: 13/1/2026 | N51: 58000 | O51: January | P51: February | Q51: 0.8 | R51: 3800068846 | S51: 46267 | T51: 58000 | U51: February | V51: =N51-T51 -> 0
A52: 45 | C52: Firmenich Aerometics I Pvt.ltd. | D52: Dahej | E52: QA | F52: Bhavesh Bhatt | G52: 9099036218 | H52: Bhavesh.BHATT@dsm-firmenich.com | I52: 18001927/003 | J52: Contract | K52: No | L52: KXIND/W/MV/MC/26003 | M52: 13/1/2026 | N52: 58000 | O52: January | P52: February | Q52: 0.8 | R52: 3800068846 | S52: 46267 | T52: 58000 | U52: February | V52: =N52-T52 -> 0
A53: 46 | C53: Firmenich Aerometics I Pvt.ltd. | D53: Dahej | E53: QA | F53: Bhavesh Bhatt | G53: 9099036218 | H53: Bhavesh.BHATT@dsm-firmenich.com | I53: 19000224/001 | J53: Contract | K53: No | L53: KXIND/W/MV/MC/26003 | M53: 13/1/2026 | N53: 58000 | O53: January | P53: February | Q53: 0.8 | R53: 3800068846 | S53: 46267 | T53: 58000 | U53: February | V53: =N53-T53 -> 0
A54: 47 | C54: Firmenich Aerometics I Pvt.ltd. | D54: Dahej | E54: QA | F54: Bhavesh Bhatt | G54: 9099036218 | H54: Bhavesh.BHATT@dsm-firmenich.com | I54: 19000224/001 | J54: Contract | K54: No | L54: KXIND/W/MV/MC/26003 | M54: 13/1/2026 | N54: 58000 | O54: January | P54: February | Q54: 0.8 | R54: 3800068846 | S54: 46267 | T54: 58000 | U54: February | V54: =N54-T54 -> 0
A55: 48 | B55: 46023 | C55: JP Extrusiontech Ltd | D55: Ankleshwar | E55: Purchase | F55: Asish Biswas | G55: 9924214600 | H55: purchase@jpel.in | I55: 13000085/001 | J55: Contract | K55: No | L55: KXIND/W/MV/MC/25077 | M55: 45758 | N55: 86000 | O55: January | P55: January | Q55: 1 | R55: P2503180 | S55: 46003 | T55: 86000 | U55: January | V55: =N55-T55 -> 0
A56: 49 | B56: 26/01/2026 | C56: ABB India Ltd | D56: Vadodara | E56: Stores | F56: Hetal Shah | G56: 8128990401 | H56: hetal.n.shah@in.abb.com | I56: 11010631/001 | J56: SPP | K56: No | L56: KXIND/W/MV/SPP/26004 | M56: 26/01/2026 | N56: 320000 | O56: January | P56: February | Q56: 0.6 | V56: =N56-T56 -> 320000
A57: 50 | B57: 46267 | C57: Secure Meters Ltd | D57: Ahmadabad | E57: Maintenance | F57: Dharmendra Yadav | G57: 95829 27693 | H57: Dharmendra.yadav@securemeters.com | I57: 17004137/001 | J57: Contract | K57: No | L57: KXIND/W/MV/MC/26005 | M57: 46267 | N57: 83200 | O57: February | P57: March | Q57: 0.8 | V57: =N57-T57 -> 83200
A58: 51 | C58: Secure Meters Ltd | D58: Ahmadabad | E58: Maintenance | F58: Dharmendra Yadav | G58: 95829 27693 | H58: Dharmendra.yadav@securemeters.com | I58: 17004137/002 | J58: Contract | K58: No | L58: KXIND/W/MV/MC/26005 | M58: 46267 | N58: 83200 | O58: February | P58: March | Q58: 0.8 | V58: =N58-T58 -> 83200
A59: 52 | C59: Secure Meters Ltd | D59: Ahmadabad | E59: Maintenance | F59: Dharmendra Yadav | G59: 95829 27693 | H59: Dharmendra.yadav@securemeters.com | I59: 17004137/003 | J59: Contract | K59: No | L59: KXIND/W/MV/MC/26005 | M59: 46267 | N59: 83200 | O59: February | P59: March | Q59: 0.8 | V59: =N59-T59 -> 83200
A60: 53 | C60: Secure Meters Ltd | D60: Ahmadabad | E60: Maintenance | F60: Dharmendra Yadav | G60: 95829 27693 | H60: Dharmendra.yadav@securemeters.com | I60: 17003535/001 | J60: Contract | K60: No | L60: KXIND/W/MV/MC/26005 | M60: 46267 | N60: 83200 | O60: February | P60: March | Q60: 0.8 | V60: =N60-T60 -> 83200
A61: 54 | C61: Secure Meters Ltd | D61: Ahmadabad | E61: Maintenance | F61: Dharmendra Yadav | G61: 95829 27693 | H61: Dharmendra.yadav@securemeters.com | I61: 17003534/001 | J61: Contract | K61: No | L61: KXIND/W/MV/MC/26005 | M61: 46267 | N61: 67600 | O61: February | P61: March | Q61: 0.8 | V61: =N61-T61 -> 67600
A62: 55 | C62: Secure Meters Ltd | D62: Ahmadabad | E62: Maintenance | F62: Dharmendra Yadav | G62: 95829 27693 | H62: Dharmendra.yadav@securemeters.com | I62: 17003535/002 | J62: Contract | K62: No | L62: KXIND/W/MV/MC/26005 | M62: 46267 | N62: 67600 | O62: February | P62: March | Q62: 0.8 | V62: =N62-T62 -> 67600
A63: 56 | B63: 46267 | C63: Secure Meters Ltd | D63: Udaipur | E63: Stores | F63: Madan Mohan Singh | G63: 9414738104 | H63: Madan.Singh@Securemeters.Com | I63: 16000992/001 | J63: Contract | K63: No | L63: KXIND/W/MV/MC/26006 | M63: 46267 | N63: 83200 | O63: February | P63: March | Q63: 0.8 | V63: =N63-T63 -> 83200
A64: 57 | C64: Secure Meters Ltd | D64: Udaipur | E64: Stores | F64: Madan Mohan Singh | G64: 9414738104 | H64: Madan.Singh@Securemeters.Com | I64: 16000992/002 | J64: Contract | K64: No | L64: KXIND/W/MV/MC/26006 | M64: 46267 | N64: 83200 | O64: February | P64: March | Q64: 0.8 | V64: =N64-T64 -> 83200
A65: 58 | C65: Secure Meters Ltd | D65: Udaipur | E65: Stores | F65: Madan Mohan Singh | G65: 9414738104 | H65: Madan.Singh@Securemeters.Com | I65: 17004640/001 | J65: Contract | K65: No | L65: KXIND/W/MV/MC/26006 | M65: 46267 | N65: 83200 | O65: February | P65: March | Q65: 0.8 | V65: =N65-T65 -> 83200
A66: 59 | C66: Secure Meters Ltd | D66: Udaipur | E66: Stores | F66: Madan Mohan Singh | G66: 9414738104 | H66: Madan.Singh@Securemeters.Com | I66: 17004640/002 | J66: Contract | K66: No | L66: KXIND/W/MV/MC/26006 | M66: 46267 | N66: 83200 | O66: February | P66: March | Q66: 0.8 | V66: =N66-T66 -> 83200
A67: 60 | V67: =N67-T67 -> 0
A68: 61 | V68: =N68-T68 -> 0
A69: 62 | V69: =N69-T69 -> 0
A70: 63 | V70: =N70-T70 -> 0
A71: 64 | V71: =N71-T71 -> 0
A72: 65 | V72: =N72-T72 -> 0
A73: 66 | V73: =N73-T73 -> 0
A74: 67 | V74: =N74-T74 -> 0
A75: 137 | V75: =N75-T75 -> 0
A76: 69 | V76: =N76-T76 -> 0
A77: 70 | V77: =N77-T77 -> 0
A78: 71 | V78: =N78-T78 -> 0
... A173: 161 | V173: =N173-T173 -> 0
V174: =N174-T174 -> 0
V175: =N175-T175 -> 0
V176: =N176-T176 -> 0
V177: =N177-T177 -> 0
V178: =N178-T178 -> 0
V179: =N179-T179 -> 0
V180: =N180-T180 -> 0
V181: =N181-T181 -> 0
V182: =N182-T182 -> 0
V183: =N183-T183 -> 0
V184: =N184-T184 -> 0
V185: =N185-T185 -> 0
... V410: =N410-T410 -> 0
V411: =Table62689345[[#This Row],[Offer Value]]-Table62689345[[#This Row],[PO Value]] -> 0
V412: =Table62689345[[#This Row],[Offer Value]]-Table62689345[[#This Row],[PO Value]] -> 0
V413: =Table62689345[[#This Row],[Offer Value]]-Table62689345[[#This Row],[PO Value]] -> 0
V414: =Table62689345[[#This Row],[Offer Value]]-Table62689345[[#This Row],[PO Value]] -> 0
V415: =Table62689345[[#This Row],[Offer Value]]-Table62689345[[#This Row],[PO Value]] -> 0
V416: =Table62689345[[#This Row],[Offer Value]]-Table62689345[[#This Row],[PO Value]] -> 0
V417: =Table62689345[[#This Row],[Offer Value]]-Table62689345[[#This Row],[PO Value]] -> 0
V418: =Table62689345[[#This Row],[Offer Value]]-Table62689345[[#This Row],[PO Value]] -> 0
V419: =Table62689345[[#This Row],[Offer Value]]-Table62689345[[#This Row],[PO Value]] -> 0

Sheet Gajendra
A2: KARDEX INDIA - LIVE OFFER FUNEL -GAJENDRA - SOUTH
A3: Total Offers | B3: =COUNTA(B8:B1430) -> 18 | C3: Month | D3: Offers Total | E3: Order received | F3: Forecast | G3: Forecast- Po Received | H3: Month | I3: Offers Total | J3: Order received | K3: Forecast | L3: Forecast- Po Received | M3: Month | N3: Offers Total | O3: Order received | P3: Forecast | Q3: Forecast- Po Received | R3: Month | S3: Offers Total | T3: Order received | U3: Forecast | V3: Forecast- Po Received | W3: Total Open Funnel | X3: =SUM(V8:V1000) -> 8171903
C4: January | D4: =SUMIF($O$8:$O$387,"January",$N$8:$N$387) -> 12566871 | E4: =SUMIF($U$8:$U$387,"January",$T$8:$T$387) -> 3012150 | F4: =SUMIF($P$8:$P$406,"January",$N$8:$N$406) -> 1921900 | G4: =F4-E4 -> -1090250 | H4: April | I4: =SUMIF($O$5:$O$387,"April",$N$5:$N$387) -> 0 | J4: =SUMIF($U$5:$U$387,"April",$T$5:$T$387) -> 0 | K4: =SUMIF($P$5:$P$406,"April",$N$5:$N$406) -> 0 | L4: =K4-J4 -> 0 | M4: July | N4: =SUMIF($O$7:$O$387,"July",$N$7:$N$387) -> 0 | O4: =SUMIF($U$7:$U$387,"July",$T$7:$T$387) -> 0 | P4: =SUMIF($P$7:$P$406,"July",$N$7:$N$406) -> 0 | Q4: =P4-O4 -> 0 | R4: October | S4: =SUMIF($O$5:$O$387,"October",$N$5:$N$387) -> 0 | T4: =SUMIF($U$5:$U$387,"October",$T$5:$T$387) -> 0 | U4: =SUMIF($P$5:$P$406,"October",$N$5:$N$406) -> 0 | V4: =U4-T4 -> 0
C5: February | D5: =SUMIF($O$5:$O$387,"February",$N$5:$N$387) -> 0 | E5: =SUMIF($U$5:$U$387,"February",$T$5:$T$387) -> 1382818 | F5: =SUMIF($P$5:$P$406,"February",$N$5:$N$406) -> 10260811 | G5: =F5-E5 -> 8877993 | H5: May | I5: =SUMIF($O$5:$O$387,"May",$N$5:$N$387) -> 0 | J5: =SUMIF($U$5:$U$387,"May",$T$5:$T$387) -> 0 | K5: =SUMIF($P$5:$P$406,"May",$N$5:$N$406) -> 0 | L5: =K5-J5 -> 0 | M5: August | N5: =SUMIF($O$7:$O$387,"August",$N$7:$N$387) -> 0 | O5: =SUMIF($U$7:$U$387,"August",$T$7:$T$387) -> 0 | P5: =SUMIF($P$7:$P$406,"August",$N$7:$N$406) -> 0 | Q5: =P5-O5 -> 0 | R5: November | S5: =SUMIF($O$5:$O$387,"November",$N$5:$N$387) -> 0 | T5: =SUMIF($U$5:$U$387,"November",$T$5:$T$387) -> 0 | U5: =SUMIF($P$5:$P$406,"November",$N$5:$N$406) -> 0 | V5: =U5-T5 -> 0
C6: March | D6: =SUMIF($O$5:$O$387,"March",$N$5:$N$387) -> 0 | E6: =SUMIF($U$5:$U$387,"March",$T$5:$T$387) -> 0 | F6: =SUMIF($P$5:$P$406,"March",$N$5:$N$406) -> 384160 | G6: =F6-E6 -> 384160 | H6: June | I6: =SUMIF($O$5:$O$387,"June",$N$5:$N$387) -> 0 | J6: =SUMIF($U$5:$U$387,"June",$T$5:$T$387) -> 0 | K6: =SUMIF($P$5:$P$406,"June",$N$5:$N$406) -> 0 | L6: =K6-J6 -> 0 | M6: September | N6: =SUMIF($O$7:$O$387,"September",$N$7:$N$387) -> 0 | O6: =SUMIF($U$7:$U$387,"September",$T$7:$T$387) -> 0 | P6: =SUMIF($P$7:$P$406,"September",$N$7:$N$406) -> 0 | Q6: =P6-O6 -> 0 | R6: December | S6: =SUMIF($O$5:$O$387,"December",$N$5:$N$387) -> 0 | T6: =SUMIF($U$5:$U$387,"December",$T$5:$T$387) -> 0 | U6: =SUMIF($P$5:$P$406,"December",$N$5:$N$406) -> 0 | V6: =U6-T6 -> 0
A7: SL | B7: Reg Date | C7: Company | D7: Location | E7: Department | F7: Contact Person Name | G7: Contact Number | H7: E-Mail ID | I7: Machine Serial Number | J7: Product Type | K7: Lead | L7: Offer Reference Number | M7: Offer Reference Date | N7: Offer Value | O7: Offer Month | P7: PO Expected Month | Q7: Probabality in Percentage | R7: PO Number | S7: PO Date | T7: PO Value | U7: PO Received Month | V7: Open Funnel | W7: Remarks | X7: Status | Y7: Booking Date in SAP B1 | Z7: Offer Entered in CRM | AA7: Offer Closed in CRM
A8: 1 | B8: 13/01/2026 | C8: Corborundum Universal Ltd | D8: HOSUR | E8: Maint | F8: Kalishwaran V | G8: 96299 97207 | H8: kalishwaranv@cumi.murugappa.com | I8: 19008586/001 | J8: Contract | K8: No | L8: KXIND/S/GA/MC/250028_01 | M8: 45818 | N8: 109200 | O8: January | P8: January | Q8: 1 | R8: CICSPO/000805/25 | S8: 25/10/2025 | T8: 109200 | U8: January | V8: =N8-T8 -> 0
A9: 2 | B9: 13/01/2026 | C9: Indic EMS Electronics Pvt LTD | D9: Doddaballapura | E9: Maint | F9: Murulidhara K | G9: 95385 62445 | H9: murulidharak@indicelectronics.com | I9: 105000217/001 | J9: Contract | K9: Yes | L9: KXIND/S/GA/MC/250029A | M9: 45972 | N9: 100000 | O9: January | P9: January | Q9: 1 | R9: 4400000465 | S9: 13/11/2025 | T9: 100000 | U9: January | V9: =N9-T9 -> 0
C10: Indic EMS Electronics Pvt LTD | D10: Doddaballapura | E10: Maint | F10: Murulidhara K | G10: 95385 62445 | H10: murulidharak@indicelectronics.com | I10: 105000217/001 | J10: Contract | K10: Yes | L10: KXIND/S/GA/MC/250029A | M10: 45972 | N10: 100000 | O10: January | P10: January | Q10: 1 | R10: 4400000465 | S10: 13/11/2025 | T10: 100000 | U10: January | V10: =N10-T10 -> 0
C11: Indic EMS Electronics Pvt LTD | D11: Doddaballapura | E11: Maint | F11: Murulidhara K | G11: 95385 62445 | H11: murulidharak@indicelectronics.com | I11: 105000217/001 | J11: Contract | K11: Yes | L11: KXIND/S/GA/MC/250029A | M11: 45972 | N11: 100000 | O11: January | P11: January | Q11: 1 | R11: 4400000465 | S11: 13/11/2025 | T11: 100000 | U11: January | V11: =N11-T11 -> 0
A12: 3 | B12: 13/01/2026 | C12: Centre for Development of Telematics | D12: Bangalore | E12: Store | F12: Kalpana M | G12: 9449839239 | H12: mkalpana@cdot.in | I12: 16002526/001 | J12: Contract | K12: No | L12: KXIND/S/GA/MC/250024 | M12: 21/08/2025 | N12: 220000 | O12: January | P12: January | Q12: 1 | R12: PO2526BCPL00176 | S12: 45912 | T12: 220000 | U12: January | V12: =N12-T12 -> 0
C13: GE BE PVT LTD | D13: Bangalore | E13: Store | F13: HL, Ambarish | G13: 9845203244 | H13: ambarish.hl@gehealthcare.com | I13: 01011844/001 | J13: Contract | K13: No | L13: KXIND/S/GA/MC/250054 | M13: 45973 | N13: 111000 | O13: January | P13: January | Q13: 1 | R13: G80010001674593 | S13: 29/12/2025 | T13: 111000 | U13: January | V13: =N13-T13 -> 0
C14: GE BE PVT LTD | D14: Bangalore | E14: Store | F14: HL, Ambarish | G14: 9845203244 | H14: ambarish.hl@gehealthcare.com | I14: 01011844/002 | J14: Contract | K14: No | L14: KXIND/S/GA/MC/250054 | M14: 45973 | N14: 111000 | O14: January | P14: January | Q14: 1 | R14: G80010001674593 | S14: 29/12/2025 | T14: 111000 | U14: January | V14: =N14-T14 -> 0
C15: GE BE PVT LTD | D15: Bangalore | E15: Store | F15: HL, Ambarish | G15: 9845203244 | H15: ambarish.hl@gehealthcare.com | I15: 02000017/001 | J15: Contract | K15: No | L15: KXIND/S/GA/MC/250054 | M15: 45973 | N15: 111000 | O15: January | P15: January | Q15: 1 | R15: G80010001674593 | S15: 29/12/2025 | T15: 111000 | U15: January | V15: =N15-T15 -> 0
A16: 4 | B16: 13/01/2026 | C16: Bharat Electronics Ltd | D16: Bangalore | E16: T&BS | F16: Amitava | G16: 9681203773 | H16: amitava@bel.co.in | I16: 12002078/001 | J16: Contract | K16: No | L16: KXIND/S/GA/MC/25006A | M16: 19/03/2025 | N16: 65000 | O16: January | P16: February | Q16: 1 | R16: BEPO/B1/4800091003 | S16: 46058 | T16: 65000 | U16: February | V16: =N16-T16 -> 0
C17: Bharat Electronics Ltd | D17: Bangalore | E17: T&BS | F17: Amitava | G17: 9681203773 | H17: amitava@bel.co.in | I17: 16001318/001 | J17: Contract | K17: No | L17: KXIND/S/GA/MC/25006A | M17: 19/03/2025 | N17: 65000 | O17: January | P17: February | Q17: 1 | R17: BEPO/B1/4800091003 | S17: 46058 | T17: 65000 | U17: February | V17: =N17-T17 -> 0
C18: Bharat Electronics Ltd | D18: Bangalore | E18: T&BS | F18: Amitava | G18: 9681203773 | H18: amitava@bel.co.in | I18: 16001319/001 | J18: Contract | K18: No | L18: KXIND/S/GA/MC/25006A | M18: 19/03/2025 | N18: 65000 | O18: January | P18: February | Q18: 1 | R18: BEPO/B1/4800091003 | S18: 46058 | T18: 65000 | U18: February | V18: =N18-T18 -> 0
C19: Bharat Electronics Ltd | D19: Bangalore | E19: T&BS | F19: Amitava | G19: 9681203773 | H19: amitava@bel.co.in | I19: 16000132/001 | J19: Contract | K19: No | L19: KXIND/S/GA/MC/25006A | M19: 19/03/2025 | N19: 65000 | O19: January | P19: February | Q19: 1 | R19: BEPO/B1/4800091003 | S19: 46058 | T19: 65000 | U19: February | V19: =N19-T19 -> 0
C20: Bharat Electronics Ltd | D20: Bangalore | E20: T&BS | F20: Amitava | G20: 9681203773 | H20: amitava@bel.co.in | I20: 16000132/002 | J20: Contract | K20: No | L20: KXIND/S/GA/MC/25006A | M20: 19/03/2025 | N20: 65000 | O20: January | P20: February | Q20: 1 | R20: BEPO/B1/4800091003 | S20: 46058 | T20: 65000 | U20: February | V20: =N20-T20 -> 0
A21: 5 | B21: 13/1/2026 | C21: Hindustan Aeronautics LTD | D21: Bangalore | E21: AD | F21: Jeyaselvan | G21: 9481273435 | H21: purchase_ac@hal-india.co.in | I21: 13000980/001 | J21: Relocation | K21: No | L21: KXIND/S/GA/REL/25003 | M21: 23/04/2025 | N21: 384160 | O21: January | P21: March | Q21: 0.7 | R21: MI046-801 | S21: 31/01/2026 | T21: 384160 | U21: January | V21: =N21-T21 -> 0
A22: 6 | B22: 13/1/2026 | C22: Bharat Electronics Ltd | D22: Bangalore | E22: NCS | F22: Prakas V | G22: 9343174460 | H22: prakashv@bel.co.in | I22: 09005253/001 | J22: BD Spare | K22: No | L22: KXIND/S/GA/SPP/25029 | M22: 45819 | N22: 217000 | O22: January | P22: February | Q22: 0.7 | V22: =N22-T22 -> 217000
A23: 7 | B23: 13/1/2026 | C23: Federal Mogul Goetze (India) Pvt Ltd | D23: Bangalore | E23: Store | F23: Benjamin.Antony Benjamin.Antony | G23: 9019707946 | H23: benjamin.antony@tenneco.com | I23: 05007637/001 | J23: Contract | K23: No | L23: KXIND/S/GA/MC/250049 | M23: 45933 | N23: 93000 | O23: January | P23: February | Q23: 0.8 | V23: =N23-T23 -> 93000
B24: 13/1/2026 | C24: Hindustan Aeronautics LTD | D24: Bangalore | E24: ED | F24: Ravi Madha | G24: 9972356437 | H24: ravi.madhav@hal-india.com | I24: 16000086/002 | J24: Contract | K24: No | L24: KXIND/S/GA/MC/250046 | M24: 45933 | N24: 95500 | O24: January | P24: February | Q24: 0.9 | V24: =N24-T24 -> 95500
C25: Hindustan Aeronautics LTD | D25: Bangalore | E25: ED | F25: Ravi Madha | G25: 9972356437 | H25: ravi.madhav@hal-india.com | I25: 16000085/002 | J25: Contract | K25: No | L25: KXIND/S/GA/MC/250046 | M25: 45933 | N25: 95500 | O25: January | P25: February | Q25: 0.9 | V25: =N25-T25 -> 95500
C26: Hindustan Aeronautics LTD | D26: Bangalore | E26: ED | F26: Ravi Madha | G26: 9972356437 | H26: ravi.madhav@hal-india.com | I26: 16000085/005 | J26: Contract | K26: No | L26: KXIND/S/GA/MC/250046 | M26: 45933 | N26: 95500 | O26: January | P26: February | Q26: 0.9 | V26: =N26-T26 -> 95500
C27: Hindustan Aeronautics LTD | D27: Bangalore | E27: ED | F27: Ravi Madha | G27: 9972356437 | H27: ravi.madhav@hal-india.com | I27: 16000085/004 | J27: Contract | K27: No | L27: KXIND/S/GA/MC/250046 | M27: 45933 | N27: 95500 | O27: January | P27: February | Q27: 0.9 | V27: =N27-T27 -> 95500
C28: Hindustan Aeronautics LTD | D28: Bangalore | E28: ED | F28: Ravi Madha | G28: 9972356437 | H28: ravi.madhav@hal-india.com | I28: 16000085/001 | J28: Contract | K28: No | L28: KXIND/S/GA/MC/250046 | M28: 45933 | N28: 95500 | O28: January | P28: February | Q28: 0.9 | V28: =N28-T28 -> 95500
C29: Hindustan Aeronautics LTD | D29: Bangalore | E29: ED | F29: Ravi Madha | G29: 9972356437 | H29: ravi.madhav@hal-india.com | I29: 16000084/001 | J29: Contract | K29: No | L29: KXIND/S/GA/MC/250046 | M29: 45933 | N29: 95500 | O29: January | P29: February | Q29: 0.9 | V29: =N29-T29 -> 95500
C30: Hindustan Aeronautics LTD | D30: Bangalore | E30: ED | F30: Ravi Madha | G30: 9972356437 | H30: ravi.madhav@hal-india.com | I30: 16000085/003 | J30: Contract | K30: No | L30: KXIND/S/GA/MC/250046 | M30: 45933 | N30: 95500 | O30: January | P30: February | Q30: 0.9 | V30: =N30-T30 -> 95500
C31: Hindustan Aeronautics LTD | D31: Bangalore | E31: ED | F31: Ravi Madha | G31: 9972356437 | H31: ravi.madhav@hal-india.com | I31: 16000086/001 | J31: Contract | K31: No | L31: KXIND/S/GA/MC/250046 | M31: 45933 | N31: 95500 | O31: January | P31: February | Q31: 0.9 | V31: =N31-T31 -> 95500
A32: 8 | B32: 13/1/2026 | C32: Bharat Electronics Ltd | D32: Bangalore | E32: MCE & NCS | F32: Prakas V | G32: 9343174460 | H32: prakashv@bel.co.in | I32: 10002349/001 | J32: Contract | K32: No | L32: KXIND/S/GA/MC/250017A | M32: 45907 | N32: 64190 | O32: January | P32: February | Q32: 0.8 | R32: BEPO/E1/4800093040 | S32: 21/01/2026 | T32: 64190 | U32: January | V32: =N32-T32 -> 0
C33: Bharat Electronics Ltd | D33: Bangalore | E33: MCE & NCS | F33: Prakas V | G33: 9343174460 | H33: prakashv@bel.co.in | I33: 08009824/001 | J33: Contract | K33: No | L33: KXIND/S/GA/MC/250017A | M33: 45907 | N33: 64190 | O33: January | P33: February | Q33: 0.8 | R33: BEPO/E1/4800093040 | S33: 21/01/2026 | T33: 64190 | U33: January | V33: =N33-T33 -> 0
C34: Bharat Electronics Ltd | D34: Bangalore | E34: MCE & NCS | F34: Prakas V | G34: 9343174460 | H34: prakashv@bel.co.in | I34: 08009824/002 | J34: Contract | K34: No | L34: KXIND/S/GA/MC/250017A | M34: 45907 | N34: 64190 | O34: January | P34: February | Q34: 0.8 | R34: BEPO/E1/4800093040 | S34: 21/01/2026 | T34: 64190 | U34: January | V34: =N34-T34 -> 0
C35: Bharat Electronics Ltd | D35: Bangalore | E35: MCE & NCS | F35: Prakas V | G35: 9343174460 | H35: prakashv@bel.co.in | I35: 09007583/001 | J35: Contract | K35: No | L35: KXIND/S/GA/MC/250017A | M35: 45907 | N35: 64190 | O35: January | P35: February | Q35: 0.8 | R35: BEPO/E1/4800093040 | S35: 21/01/2026 | T35: 64190 | U35: January | V35: =N35-T35 -> 0
C36: Bharat Electronics Ltd | D36: Bangalore | E36: MCE & NCS | F36: Prakas V | G36: 9343174460 | H36: prakashv@bel.co.in | I36: 09007583/002 | J36: Contract | K36: No | L36: KXIND/S/GA/MC/250017A | M36: 45907 | N36: 64190 | O36: January | P36: February | Q36: 0.8 | R36: BEPO/E1/4800093040 | S36: 21/01/2026 | T36: 64190 | U36: January | V36: =N36-T36 -> 0
C37: Bharat Electronics Ltd | D37: Bangalore | E37: MCE & NCS | F37: Prakas V | G37: 9343174460 | H37: prakashv@bel.co.in | I37: 10009150/001 | J37: Contract | K37: No | L37: KXIND/S/GA/MC/250017A | M37: 45907 | N37: 64190 | O37: January | P37: February | Q37: 0.8 | R37: BEPO/E1/4800093040 | S37: 21/01/2026 | T37: 64190 | U37: January | V37: =N37-T37 -> 0
C38: Bharat Electronics Ltd | D38: Bangalore | E38: MCE & NCS | F38: Prakas V | G38: 9343174460 | H38: prakashv@bel.co.in | I38: 10009149/001 | J38: Contract | K38: No | L38: KXIND/S/GA/MC/250017A | M38: 45907 | N38: 64190 | O38: January | P38: February | Q38: 0.8 | R38: BEPO/E1/4800093040 | S38: 21/01/2026 | T38: 64190 | U38: January | V38: =N38-T38 -> 0
C39: Bharat Electronics Ltd | D39: Bangalore | E39: MCE & NCS | F39: Prakas V | G39: 9343174460 | H39: prakashv@bel.co.in | I39: 08001086/001 | J39: Contract | K39: No | L39: KXIND/S/GA/MC/250017A | M39: 45907 | N39: 64190 | O39: January | P39: February | Q39: 0.8 | R39: BEPO/E1/4800093040 | S39: 21/01/2026 | T39: 64190 | U39: January | V39: =N39-T39 -> 0
C40: Bharat Electronics Ltd | D40: Bangalore | E40: MCE & NCS | F40: Prakas V | G40: 9343174460 | H40: prakashv@bel.co.in | I40: 08001086/002 | J40: Contract | K40: No | L40: KXIND/S/GA/MC/250017A | M40: 45907 | N40: 64190 | O40: January | P40: February | Q40: 0.8 | R40: BEPO/E1/4800093040 | S40: 21/01/2026 | T40: 64190 | U40: January | V40: =N40-T40 -> 0
C41: Bharat Electronics Ltd | D41: Bangalore | E41: MCE & NCS | F41: Prakas V | G41: 9343174460 | H41: prakashv@bel.co.in | I41: 09005253/001 | J41: Contract | K41: No | L41: KXIND/S/GA/MC/250017A | M41: 45907 | N41: 64190 | O41: January | P41: February | Q41: 0.8 | R41: BEPO/E1/4800093040 | S41: 21/01/2026 | T41: 64190 | U41: January | V41: =N41-T41 -> 0
C42: Bharat Electronics Ltd | D42: Bangalore | E42: MCE & NCS | F42: Prakas V | G42: 9343174460 | H42: prakashv@bel.co.in | I42: 10002334/001 | J42: Contract | K42: No | L42: KXIND/S/GA/MC/250017A | M42: 45907 | N42: 64190 | O42: January | P42: February | Q42: 0.8 | R42: BEPO/E1/4800093040 | S42: 21/01/2026 | T42: 64190 | U42: January | V42: =N42-T42 -> 0
A43: 9 | B43: 13/1/2026 | C43: Bharat Electronics Ltd | D43: Bangalore | E43: NS1 | F43: Muralidharan M | G43: 9008097055 | H43: muralidharanm@bel.co.in | I43: 98011682/001 | J43: SPP | K43: Yes | L43: KXIND/S/GA/SPP/25047 | M43: 45936 | N43: 120750 | O43: January | P43: February | Q43: 0.6 | V43: =N43-T43 -> 120750
A44: 10 | B44: 13/1/2026 | C44: Hindustan Aeronautics LTD | D44: Bangalore | E44: AD | F44: Bhavishya S N | G44: 94814 23476 | H44: bhavishya.sn@hal-india.co.in | I44: 14003375/001 | J44: Midlife Upgrade | K44: Yes | L44: KXIND/S/GA/SPP/25046 | M44: 45934 | N44: 6485822 | O44: January | P44: February | Q44: 0.8 | V44: =N44-T44 -> 6485822
A45: 11 | B45: 13/1/2026 | C45: AUTOMOTIVE AXEL PVT LTD | D45: MYSORE | E45: maint | F45: Girish V K | G45: 9900636398 | H45: girishvk@autoaxle.com | I45: 06000270/003, | J45: SPP | K45: Yes | L45: KXIND/S/GA/SPP/250045 | M45: 45933 | N45: 491331 | O45: January | P45: February | Q45: 0.8 | V45: =N45-T45 -> 491331
A46: 12 | B46: 23/01/2026 | C46: AxisCades Aerospace & Technologies Ltd, | D46: Bangalore | E46: Maint | F46: Manjunath GN | G46: 9448664092 | H46: manjunath.gn@axis.aero | I46: 102007757 | J46: Relocation | K46: No | L46: KXIND/S/GA/REL/25008 | M46: 20/11/2025 | N46: 410000 | O46: January | P46: January | Q46: 1 | R46: ACAT/MBDA/513/225-26 | S46: 21/01/2026 | T46: 410000 | U46: January | V46: =N46-T46 -> 0
C47: AxisCades Aerospace & Technologies Ltd, | D47: Bangalore | E47: Maint | F47: Manjunath GN | G47: 9448664092 | H47: manjunath.gn@axis.aero | I47: 102007758 | J47: Relocation | K47: No | L47: KXIND/S/GA/REL/25008 | M47: 20/11/2025 | N47: 410000 | O47: January | P47: January | Q47: 1 | R47: ACAT/MBDA/513/225-26 | S47: 21/01/2026 | T47: 410000 | U47: January | V47: =N47-T47 -> 0
A48: 13 | B48: 23/01/2026 | C48: Energy pack pvt Ltd | D48: Bangalore | E48: maint | F48: Devaraja | G48: 9980798762 | H48: maintenance@shivamanigroup.com | I48: 11006708/001 | J48: BD Charges | K48: No | L48: KXIIND/S/OTS/GR26-001 | M48: 13/01/2026 | N48: 30500 | O48: January | P48: January | Q48: 1 | R48: U12526POR06229 | S48: 13/01/2026 | T48: 30500 | U48: January | V48: =N48-T48 -> 0
A49: 14 | B49: 27/01/2026 | C49: CARBORUNDUM UNIVERSAL LIMITED CUMI | D49: HOSUR | E49: maint | F49: Saju G | G49: 9360011702 | H49: sajug@cumi.murugappa.com | I49: 22003280/001 | J49: Contract | K49: No | L49: KXIND/S/GA/MC/250052A | M49: 16/12/2026 | N49: 109200 | O49: January | P49: January | Q49: 1 | R49: CICSPO/001117/25 | S49: 14/01/2026 | T49: 109200 | U49: January | V49: =N49-T49 -> 0
A50: 15 | B50: 46024 | C50: Honda Motorcycle and Scooter India Pvt. Ltd. | D50: kolar | E50: line 3 | F50: Karthik BS | G50: 9686658457 | H50: Karthik.Bs@honda.hmsi.in | I50: 17005335/001 | J50: BD Spare | K50: No | L50: KXIND/S/GA/SPP/26001 | M50: 16/01/2026 | N50: 172868 | O50: January | P50: February | Q50: 1 | R50: NSPR/5000114974 | S50: 28.01.2026 | T50: 172868 | U50: February | V50: =N50-T50 -> 0
A51: 44 | B51: 46024 | C51: Honda Motorcycle and Scooter India Pvt. Ltd. | D51: kolar | E51: line 3 | F51: Karthik BS | G51: 9686658457 | H51: Karthik.Bs@honda.hmsi.in | I51: 17002414/003 | J51: BD Spare | K51: No | L51: KXIND/S/GA/SPP/26001 | M51: 16/01/2026 | N51: 632000 | O51: January | P51: February | Q51: 1 | R51: NSPR/5000114972 | S51: 28.01.2026 | T51: 632000 | U51: February | V51: =N51-T51 -> 0
A52: 45 | B52: 46024 | C52: Hindustan Aeronautics LTD | D52: Bangalore | E52: AD | F52: Bhavishya S N | G52: 94814 23476 | H52: bhavishya.sn@hal-india.co.in | I52: 14003375/001 | J52: SPP | K52: Yes | L52: KXIND/S/GA/SPP/25046B | M52: 45700 | N52: 252950 | O52: January | P52: February | Q52: 1 | R52: MI045-1457 | S52: 30/01/2026 | T52: 252950 | U52: February | V52: =N52-T52 -> 0
A53: 46 | V53: =N53-T53 -> 0
A54: 47 | V54: =N54-T54 -> 0
A55: 48 | V55: =N55-T55 -> 0
A56: 49 | V56: =N56-T56 -> 0
A57: 50 | V57: =N57-T57 -> 0
A58: 51 | V58: =N58-T58 -> 0
A59: 52 | V59: =N59-T59 -> 0
A60: 53 | V60: =N60-T60 -> 0
A61: 54 | V61: =N61-T61 -> 0
A62: 55 | V62: =N62-T62 -> 0
A63: 56 | V63: =N63-T63 -> 0
A64: 17 | V64: =N64-T64 -> 0
... A173: 161 | V173: =N173-T173 -> 0
V174: =N174-T174 -> 0
V175: =N175-T175 -> 0
V176: =N176-T176 -> 0
V177: =N177-T177 -> 0
V178: =N178-T178 -> 0
V179: =N179-T179 -> 0
V180: =N180-T180 -> 0
V181: =N181-T181 -> 0
V182: =N182-T182 -> 0
V183: =N183-T183 -> 0
V184: =N184-T184 -> 0
V185: =N185-T185 -> 0
... V418: =N418-T418 -> 0

Sheet Pradeep
A2: KARDEX INDIA - LIVE OFFER FUNEL - PRADEEP - SOUTH
A3: Total Offers | B3: =COUNTA(B8:B1430) -> 44 | C3: Month | D3: Offers Total | E3: Order received | F3: Forecast | G3: Forecast- Po Received | H3: Month | I3: Offers Total | J3: Order received | K3: Forecast | L3: Forecast- Po Received | M3: Month | N3: Offers Total | O3: Order received | P3: Forecast | Q3: Forecast- Po Received | R3: Month | S3: Offers Total | T3: Order received | U3: Forecast | V3: Forecast- Po Received | W3: Total Open Funnel | X3: =SUM(V8:V2000) -> 15356132
C4: January | D4: =SUMIF($O$7:$O$377,"January",$N$7:$N$377) -> 30089044 | E4: =SUMIF($U$7:$U$377,"January",$T$7:$T$377) -> 12966358 | F4: =SUMIF($P$7:$P$396,"January",$N$7:$N$396) -> 13415196 | G4: 0 | H4: April | I4: =SUMIF($O$7:$O$377,"April",$N$7:$N$377) -> 0 | J4: =SUMIF($U$7:$U$377,"April",$T$7:$T$377) -> 0 | K4: =SUMIF($P$7:$P$396,"April",$N$7:$N$396) -> 2896000 | L4: =K4-J4 -> 2896000 | M4: July | N4: =SUMIF($O$7:$O$377,"July",$N$7:$N$377) -> 0 | O4: =SUMIF($U$7:$U$377,"July",$T$7:$T$377) -> 0 | P4: =SUMIF($P$7:$P$396,"July",$N$7:$N$396) -> 1618010 | Q4: =P4-O4 -> 1618010 | R4: October | S4: =SUMIF($O$7:$O$377,"October",$N$7:$N$377) -> 0 | T4: =SUMIF($U$7:$U$377,"October",$T$7:$T$377) -> 0 | U4: =SUMIF($P$7:$P$396,"October",$N$7:$N$396) -> 0 | V4: =U4-T4 -> 0
C5: February | D5: =SUMIF($O$7:$O$377,"February",$N$7:$N$377) -> 0 | E5: =SUMIF($U$7:$U$377,"February",$T$7:$T$377) -> 1302706 | F5: =SUMIF($P$7:$P$396,"February",$N$7:$N$396) -> 3871213 | G5: =F5-E5 -> 2568507 | H5: May | I5: =SUMIF($O$7:$O$377,"May",$N$7:$N$377) -> 0 | J5: =SUMIF($U$7:$U$377,"May",$T$7:$T$377) -> 0 | K5: =SUMIF($P$7:$P$396,"May",$N$7:$N$396) -> 2732462 | L5: =K5-J5 -> 2732462 | M5: August | N5: =SUMIF($O$7:$O$377,"August",$N$7:$N$377) -> 0 | O5: =SUMIF($U$7:$U$377,"August",$T$7:$T$377) -> 0 | P5: =SUMIF($P$7:$P$396,"August",$N$7:$N$396) -> 0 | Q5: =P5-O5 -> 0 | R5: November | S5: =SUMIF($O$7:$O$377,"November",$N$7:$N$377) -> 0 | T5: =SUMIF($U$7:$U$377,"November",$T$7:$T$377) -> 0 | U5: =SUMIF($P$7:$P$396,"November",$N$7:$N$396) -> 0 | V5: =U5-T5 -> 0
C6: March | D6: =SUMIF($O$7:$O$377,"March",$N$7:$N$377) -> 0 | E6: =SUMIF($U$7:$U$377,"March",$T$7:$T$377) -> 0 | F6: =SUMIF($P$7:$P$396,"March",$N$7:$N$396) -> 4919504 | G6: =F6-E6 -> 4919504 | H6: June | I6: =SUMIF($O$7:$O$377,"June",$N$7:$N$377) -> 729941.76 | J6: =SUMIF($U$7:$U$377,"June",$T$7:$T$377) -> 0 | K6: =SUMIF($P$7:$P$396,"June",$N$7:$N$396) -> 636659 | L6: =K6-J6 -> 636659 | M6: September | N6: =SUMIF($O$7:$O$377,"September",$N$7:$N$377) -> 0 | O6: =SUMIF($U$7:$U$377,"September",$T$7:$T$377) -> 729941.76 | P6: =SUMIF($P$7:$P$396,"September",$N$7:$N$396) -> 729941.76 | Q6: =P6-O6 -> 0 | R6: December | S6: =SUMIF($O$7:$O$377,"December",$N$7:$N$377) -> 0 | T6: =SUMIF($U$7:$U$377,"December",$T$7:$T$377) -> 0 | U6: =SUMIF($P$7:$P$396,"December",$N$7:$N$396) -> 0 | V6: =U6-T6 -> 0
A7: SL | B7: Reg Date | C7: Company | D7: Location | E7: Department | F7: Contact Person Name | G7: Contact Number | H7: E-Mail ID | I7: Machine Serial Number | J7: Product Type | K7: Lead | L7: Offer Reference Number | M7: Offer Reference Date | N7: Offer Value | O7: Offer Month | P7: PO Expected Month | Q7: Probabality in Percentage | R7: PO Number | S7: PO Date | T7: PO Value | U7: PO Received Month | V7: Open Funnel | W7: Remarks | X7: Status | Y7: Booking Date in SAP B1 | Z7: Offer Entered in CRM | AA7: Offer Closed in CRM
A8: 1 | B8: 46034 | C8: Bharat Heavy Electricals Ltd. | D8: Bangalore - EDN | E8: Factrory Service | F8: Amol | G8: 9845660933 | H8: amolparchure@bhel.in | I8: 12000008/001 | J8: Relocation | K8: No | L8: KXIND/S/PK/Relocation/25023 | M8: 45719 | N8: 648000 | O8: January | P8: April | Q8: 0.7 | T8: 0 | V8: =N8-T8 -> 648000
A9: 2 | C9: Bharat Heavy Electricals Ltd. | D9: Bangalore - EDN | E9: Factrory Service | F9: Amol | G9: 9845660933 | H9: amolparchure@bhel.in | I9: 12000008/001 | J9: SPP | K9: Yes | L9: KXIND/S/PK/Relocation/25023 | M9: 45719 | N9: 128000 | O9: January | P9: April | Q9: 0.7 | V9: =N9-T9 -> 128000
A10: 3 | B10: 46034 | C10: Weapon Equipment Depot | D10: Karwar | E10: LWS | F10: Pranav Anand – OIC | G10: NA | H10: wed-karwar@navy.gov.in | I10: 04000834/009 | J10: Contract | K10: No | L10: KXIND/S/PK/MC/25033AA | M10: 45989 | N10: 206063 | O10: January | P10: January | Q10: 1 | R10: GEMC-511687757556559 | S10: 45901 | T10: 206063 | U10: January | V10: =N10-T10 -> 0
A11: 4 | C11: Weapon Equipment Depot | D11: Karwar | E11: LWS | F11: Pranav Anand – OIC | G11: NA | H11: wed-karwar@navy.gov.in | I11: 04000834/001 | J11: Contract | K11: No | L11: KXIND/S/PK/MC/25033AA | M11: 45989 | N11: 206063 | O11: January | P11: January | Q11: 1 | R11: GEMC-511687757556559 | S11: 45901 | T11: 206063 | U11: January | V11: =N11-T11 -> 0
A12: 5 | C12: Weapon Equipment Depot | D12: Karwar | E12: LWS | F12: Pranav Anand – OIC | G12: NA | H12: wed-karwar@navy.gov.in | I12: 04000834/003 | J12: Contract | K12: No | L12: KXIND/S/PK/MC/25033AA | M12: 45989 | N12: 206063 | O12: January | P12: January | Q12: 1 | R12: GEMC-511687757556559 | S12: 45901 | T12: 206063 | U12: January | V12: =N12-T12 -> 0
A13: 6 | C13: Weapon Equipment Depot | D13: Karwar | E13: LWS | F13: Pranav Anand – OIC | G13: NA | H13: wed-karwar@navy.gov.in | I13: 04000835/002 | J13: Contract | K13: No | L13: KXIND/S/PK/MC/25033AA | M13: 45989 | N13: 206063 | O13: January | P13: January | Q13: 1 | R13: GEMC-511687757556559 | S13: 45901 | T13: 206063 | U13: January | V13: =N13-T13 -> 0
A14: 7 | C14: Weapon Equipment Depot | D14: Karwar | E14: LWS | F14: Pranav Anand – OIC | G14: NA | H14: wed-karwar@navy.gov.in | I14: 04000834/008 | J14: Contract | K14: No | L14: KXIND/S/PK/MC/25033AA | M14: 45989 | N14: 206063 | O14: January | P14: January | Q14: 1 | R14: GEMC-511687757556559 | S14: 45901 | T14: 206063 | U14: January | V14: =N14-T14 -> 0
A15: 8 | C15: Weapon Equipment Depot | D15: Karwar | E15: LWS | F15: Pranav Anand – OIC | G15: NA | H15: wed-karwar@navy.gov.in | I15: 04000834/002 | J15: Contract | K15: No | L15: KXIND/S/PK/MC/25033AA | M15: 45989 | N15: 206063 | O15: January | P15: January | Q15: 1 | R15: GEMC-511687757556559 | S15: 45901 | T15: 206063 | U15: January | V15: =N15-T15 -> 0
A16: 9 | C16: Weapon Equipment Depot | D16: Karwar | E16: LWS | F16: Pranav Anand – OIC | G16: NA | H16: wed-karwar@navy.gov.in | I16: 04000834/007 | J16: Contract | K16: No | L16: KXIND/S/PK/MC/25033AA | M16: 28/11/2025 | N16: 206063 | O16: January | P16: January | Q16: 1 | R16: GEMC-511687757556559 | S16: 45901 | T16: 206063 | U16: January | V16: =N16-T16 -> 0
A17: 10 | C17: Weapon Equipment Depot | D17: Karwar | E17: LWS | F17: Pranav Anand – OIC | G17: NA | H17: wed-karwar@navy.gov.in | I17: 04000835/004 | J17: Contract | K17: No | L17: KXIND/S/PK/MC/25033AA | M17: 45989 | N17: 206063 | O17: January | P17: January | Q17: 1 | R17: GEMC-511687757556559 | S17: 45901 | T17: 206063 | U17: January | V17: =N17-T17 -> 0
A18: 11 | C18: Weapon Equipment Depot | D18: Karwar | E18: LWS | F18: Pranav Anand – OIC | G18: NA | H18: wed-karwar@navy.gov.in | I18: 04000835/006 | J18: Contract | K18: No | L18: KXIND/S/PK/MC/25033AA | M18: 45989 | N18: 206063 | O18: January | P18: January | Q18: 1 | R18: GEMC-511687757556559 | S18: 45901 | T18: 206063 | U18: January | V18: =N18-T18 -> 0
A19: 12 | C19: Weapon Equipment Depot | D19: Karwar | E19: LWS | F19: Pranav Anand – OIC | G19: NA | H19: wed-karwar@navy.gov.in | I19: 04000834/005 | J19: Contract | K19: No | L19: KXIND/S/PK/MC/25033AA | M19: 45989 | N19: 206063 | O19: January | P19: January | Q19: 1 | R19: GEMC-511687757556559 | S19: 45901 | T19: 206063 | U19: January | V19: =N19-T19 -> 0
A20: 13 | C20: Weapon Equipment Depot | D20: Karwar | E20: LWS | F20: Pranav Anand – OIC | G20: NA | H20: wed-karwar@navy.gov.in | I20: 04000834/006 | J20: Contract | K20: No | L20: KXIND/S/PK/MC/25033AA | M20: 45989 | N20: 206063 | O20: January | P20: January | Q20: 1 | R20: GEMC-511687757556559 | S20: 45901 | T20: 206063 | U20: January | V20: =N20-T20 -> 0
A21: 14 | C21: Weapon Equipment Depot | D21: Karwar | E21: LWS | F21: Pranav Anand – OIC | G21: NA | H21: wed-karwar@navy.gov.in | I21: 04000834/004 | J21: Contract | K21: No | L21: KXIND/S/PK/MC/25033AA | M21: 28/11/2025 | N21: 206063 | O21: January | P21: January | Q21: 1 | R21: GEMC-511687757556559 | S21: 45901 | T21: 206063 | U21: January | V21: =N21-T21 -> 0
A22: 15 | C22: Weapon Equipment Depot | D22: Karwar | E22: LWS | F22: Pranav Anand – OIC | G22: NA | H22: wed-karwar@navy.gov.in | I22: 04000841/009 | J22: Contract | K22: No | L22: KXIND/S/PK/MC/25033AA | M22: 45989 | N22: 206063 | O22: January | P22: January | Q22: 1 | R22: GEMC-511687757556559 | S22: 45901 | T22: 206063 | U22: January | V22: =N22-T22 -> 0
A23: 16 | C23: Weapon Equipment Depot | D23: Karwar | E23: LWS | F23: Pranav Anand – OIC | G23: NA | H23: wed-karwar@navy.gov.in | I23: 04000841/007 | J23: Contract | K23: No | L23: KXIND/S/PK/MC/25033AA | M23: 28/11/2025 | N23: 206063 | O23: January | P23: January | Q23: 1 | R23: GEMC-511687757556559 | S23: 45901 | T23: 206063 | U23: January | V23: =N23-T23 -> 0
A24: 138 | C24: Weapon Equipment Depot | D24: Karwar | E24: LWS | F24: Pranav Anand – OIC | G24: NA | H24: wed-karwar@navy.gov.in | I24: 04000841/001 | J24: Contract | K24: No | L24: KXIND/S/PK/MC/25033AA | M24: 45989 | N24: 206063 | O24: January | P24: January | Q24: 1 | R24: GEMC-511687757556559 | S24: 45901 | T24: 206063 | U24: January | V24: =N24-T24 -> 0
A25: 18 | C25: Weapon Equipment Depot | D25: Karwar | E25: LWS | F25: Pranav Anand – OIC | G25: NA | H25: wed-karwar@navy.gov.in | I25: 04000841/008 | J25: Contract | K25: No | L25: KXIND/S/PK/MC/25033AA | M25: 45989 | N25: 206063 | O25: January | P25: January | Q25: 1 | R25: GEMC-511687757556559 | S25: 45901 | T25: 206063 | U25: January | V25: =N25-T25 -> 0
A26: 19 | C26: Weapon Equipment Depot | D26: Karwar | E26: LWS | F26: Pranav Anand – OIC | G26: NA | H26: wed-karwar@navy.gov.in | I26: 04000841/002 | J26: Contract | K26: No | L26: KXIND/S/PK/MC/25033AA | M26: 45989 | N26: 206063 | O26: January | P26: January | Q26: 1 | R26: GEMC-511687757556559 | S26: 45901 | T26: 206063 | U26: January | V26: =N26-T26 -> 0
A27: 20 | C27: Weapon Equipment Depot | D27: Karwar | E27: LWS | F27: Pranav Anand – OIC | G27: NA | H27: wed-karwar@navy.gov.in | I27: 04000841/006 | J27: Contract | K27: No | L27: KXIND/S/PK/MC/25033AA | M27: 45989 | N27: 206063 | O27: January | P27: January | Q27: 1 | R27: GEMC-511687757556559 | S27: 45901 | T27: 206063 | U27: January | V27: =N27-T27 -> 0
A28: 21 | C28: Weapon Equipment Depot | D28: Karwar | E28: LWS | F28: Pranav Anand – OIC | G28: NA | H28: wed-karwar@navy.gov.in | I28: 04000841/004 | J28: Contract | K28: No | L28: KXIND/S/PK/MC/25033AA | M28: 45989 | N28: 206063 | O28: January | P28: January | Q28: 1 | R28: GEMC-511687757556559 | S28: 45901 | T28: 206063 | U28: January | V28: =N28-T28 -> 0
A29: 22 | B29: 46034 | C29: ABB India Ltd | D29: Bangalore | E29: Warehouse | F29: Raghu S | G29: 9620262387 | H29: raghu.n2@in.abb.com | I29: 21007861/001 | J29: Midlife Upgrade | K29: Yes | L29: KXIND/S/SPP/PK25040AA | M29: 45926 | N29: 880053 | O29: January | P29: January | Q29: 1 | R29: 3391142866 | S29: 46008 | T29: 844851 | U29: January | V29: 0
A30: 23 | B30: 46034 | C30: Himachal Futuristic Communication Limited | D30: Hyderabad | E30: Store | F30: Adhitya R | G30: 9840339808 | H30: adhitya.r@hfcl.com | I30: 18004914/001 | J30: Contract | K30: No | L30: KXIND/S/PK/MC/25070 | M30: 21/07/2025 | N30: 104438 | O30: January | P30: February | Q30: 0.7 | V30: =N30-T30 -> 104438
A31: 24 | C31: Himachal Futuristic Communication Limited | D31: Hyderabad | E31: Store | F31: Adhitya R | G31: 9840339808 | H31: adhitya.r@hfcl.com | I31: 18004914/002 | J31: Contract | K31: No | L31: KXIND/S/PK/MC/25070 | M31: 21/07/2025 | N31: 104438 | O31: January | P31: February | Q31: 0.7 | V31: =N31-T31 -> 104438
A32: 25 | C32: Himachal Futuristic Communication Limited | D32: Hyderabad | E32: Store | F32: Adhitya R | G32: 9840339808 | H32: adhitya.r@hfcl.com | I32: 18004914/003 | J32: Contract | K32: No | L32: KXIND/S/PK/MC/25070 | M32: 21/07/2025 | N32: 104438 | O32: January | P32: February | Q32: 0.7 | V32: =N32-T32 -> 104438
A33: 26 | B33: 46034 | C33: Pfizer Healthcare India Pvt Ltd (Formerly Hospira Healthcare) | D33: Vishakapatnam | E33: Engineering | F33: Avinash | G33: 87904 11883 | H33: avinash.kovvuru@pfizer.com | I33: 13004572/001 | J33: Upgrade kit | K33: Yes | L33: KXIND/S/SPP/PK25024 | M33: 45719 | N33: 2120000 | O33: January | P33: April | Q33: 0.8 | V33: =N33-T33 -> 2120000
A34: 27 | B34: 46034 | C34: Bharat Electronics Ltd | D34: Hyderabad | E34: Planning | F34: Kishore Ninawe | G34: 040-27194717 | H34: ninawekn@bel.co.in | I34: 12001717/001 | J34: Midlife Upgrade | K34: Yes | L34: KXIND/S/MLU/PK25078 | M34: 45882 | N34: 1618010 | O34: January | P34: July | Q34: 0.6 | V34: =N34-T34 -> 1618010
A35: 28 | B35: 46034 | C35: Bharat Heavy Electricals Ltd. | D35: Bangalore | E35: Factrory Service | F35: Amol | G35: 9845660933 | H35: amolparchure@bhel.in | I35: 00008885/002 | J35: Contract | K35: No | L35: KXIND/S/PK/MC/25080 | M35: 45894 | N35: 35056 | O35: January | P35: January | Q35: 1 | R35: GEMC-511687790604779 | S35: 46003 | T35: 35056 | U35: January | V35: =N35-T35 -> 0 | W35: two-year commercial offer was submitted, and a corresponding two-year purchase order has been received.
A36: 29 | C36: Bharat Heavy Electricals Ltd. | D36: Bangalore | E36: Factrory Service | F36: Amol | G36: 9845660933 | H36: amolparchure@bhel.in | I36: 05000600/001 | J36: Contract | K36: No | L36: KXIND/S/PK/MC/25080 | M36: 45894 | N36: 35056 | O36: January | P36: January | Q36: 1 | R36: GEMC-511687790604779 | S36: 46003 | T36: 35056 | U36: January | V36: =N36-T36 -> 0 | W36: two-year commercial offer was submitted, and a corresponding two-year purchase order has been received.
A37: 30 | C37: Bharat Heavy Electricals Ltd. | D37: Bangalore | E37: Factrory Service | F37: Amol | G37: 9845660933 | H37: amolparchure@bhel.in | I37: 09000381/001 | J37: Contract | K37: No | L37: KXIND/S/PK/MC/25080 | M37: 45894 | N37: 35056 | O37: January | P37: January | Q37: 1 | R37: GEMC-511687790604779 | S37: 46003 | T37: 35056 | U37: January | V37: =N37-T37 -> 0 | W37: two-year commercial offer was submitted, and a corresponding two-year purchase order has been received.
A38: 31 | C38: Bharat Heavy Electricals Ltd. | D38: Bangalore | E38: Factrory Service | F38: Amol | G38: 9845660933 | H38: amolparchure@bhel.in | I38: 08005638/001 | J38: Contract | K38: No | L38: KXIND/S/PK/MC/25080 | M38: 45894 | N38: 35056 | O38: January | P38: January | Q38: 1 | R38: GEMC-511687790604779 | S38: 46003 | T38: 35056 | U38: January | V38: =N38-T38 -> 0 | W38: two-year commercial offer was submitted, and a corresponding two-year purchase order has been received.
A39: 32 | C39: Bharat Heavy Electricals Ltd. | D39: Bangalore | E39: Factrory Service | F39: Amol | G39: 9845660933 | H39: amolparchure@bhel.in | I39: 08005638/002 | J39: Contract | K39: No | L39: KXIND/S/PK/MC/25080 | M39: 45894 | N39: 35056 | O39: January | P39: January | Q39: 1 | R39: GEMC-511687790604779 | S39: 46003 | T39: 35056 | U39: January | V39: =N39-T39 -> 0 | W39: two-year commercial offer was submitted, and a corresponding two-year purchase order has been received.
A40: 33 | C40: Bharat Heavy Electricals Ltd. | D40: Bangalore | E40: Factrory Service | F40: Amol | G40: 9845660933 | H40: amolparchure@bhel.in | I40: 11005309/001 | J40: Contract | K40: No | L40: KXIND/S/PK/MC/25080 | M40: 45894 | N40: 35056 | O40: January | P40: January | Q40: 1 | R40: GEMC-511687790604779 | S40: 46003 | T40: 35056 | U40: January | V40: =N40-T40 -> 0 | W40: two-year commercial offer was submitted, and a corresponding two-year purchase order has been received.
A41: 34 | C41: Bharat Heavy Electricals Ltd. | D41: Bangalore | E41: Factrory Service | F41: Amol | G41: 9845660933 | H41: amolparchure@bhel.in | I41: 11005315/001 | J41: Contract | K41: No | L41: KXIND/S/PK/MC/25080 | M41: 45894 | N41: 35056 | O41: January | P41: January | Q41: 1 | R41: GEMC-511687790604779 | S41: 46003 | T41: 35056 | U41: January | V41: =N41-T41 -> 0 | W41: two-year commercial offer was submitted, and a corresponding two-year purchase order has been received.
A42: 35 | C42: Bharat Heavy Electricals Ltd. | D42: Bangalore | E42: Factrory Service | F42: Amol | G42: 9845660933 | H42: amolparchure@bhel.in | I42: 13000031/001 | J42: Contract | K42: No | L42: KXIND/S/PK/MC/25080 | M42: 45894 | N42: 35056 | O42: January | P42: January | Q42: 1 | R42: GEMC-511687790604779 | S42: 46003 | T42: 35056 | U42: January | V42: =N42-T42 -> 0 | W42: two-year commercial offer was submitted, and a corresponding two-year purchase order has been received.
A43: 36 | C43: Bharat Heavy Electricals Ltd. | D43: Bangalore | E43: Factrory Service | F43: Amol | G43: 9845660933 | H43: amolparchure@bhel.in | I43: 13000030/001 | J43: Contract | K43: No | L43: KXIND/S/PK/MC/25080 | M43: 45894 | N43: 35056 | O43: January | P43: January | Q43: 1 | R43: GEMC-511687790604779 | S43: 46003 | T43: 35056 | U43: January | V43: =N43-T43 -> 0 | W43: two-year commercial offer was submitted, and a corresponding two-year purchase order has been received.
A44: 37 | C44: Bharat Heavy Electricals Ltd. | D44: Bangalore | E44: Factrory Service | F44: Amol | G44: 9845660933 | H44: amolparchure@bhel.in | I44: 01000558/001 | J44: Contract | K44: No | L44: KXIND/S/PK/MC/25080 | M44: 45894 | N44: 42185 | O44: January | P44: January | Q44: 1 | R44: GEMC-511687790604779 | S44: 46003 | T44: 42185 | U44: January | V44: =N44-T44 -> 0 | W44: two-year commercial offer was submitted, and a corresponding two-year purchase order has been received.
A45: 38 | C45: Bharat Heavy Electricals Ltd. | D45: Bangalore | E45: Factrory Service | F45: Amol | G45: 9845660933 | H45: amolparchure@bhel.in | I45: 05000566/001 | J45: Contract | K45: No | L45: KXIND/S/PK/MC/25080 | M45: 45894 | N45: 42185 | O45: January | P45: January | Q45: 1 | R45: GEMC-511687790604779 | S45: 46003 | T45: 42185 | U45: January | V45: =N45-T45 -> 0 | W45: two-year commercial offer was submitted, and a corresponding two-year purchase order has been received.
A46: 39 | C46: Bharat Heavy Electricals Ltd. | D46: Bangalore | E46: Factrory Service | F46: Amol | G46: 9845660933 | H46: amolparchure@bhel.in | I46: 05000566/002 | J46: Contract | K46: No | L46: KXIND/S/PK/MC/25080 | M46: 45894 | N46: 42185 | O46: January | P46: January | Q46: 1 | R46: GEMC-511687790604779 | S46: 46003 | T46: 42185 | U46: January | V46: =N46-T46 -> 0 | W46: two-year commercial offer was submitted, and a corresponding two-year purchase order has been received.
A47: 40 | C47: Bharat Heavy Electricals Ltd. | D47: Bangalore | E47: Factrory Service | F47: Amol | G47: 9845660933 | H47: amolparchure@bhel.in | I47: 05000566/003 | J47: Contract | K47: No | L47: KXIND/S/PK/MC/25080 | M47: 45894 | N47: 42185 | O47: January | P47: January | Q47: 1 | R47: GEMC-511687790604779 | S47: 46003 | T47: 42185 | U47: January | V47: =N47-T47 -> 0 | W47: two-year commercial offer was submitted, and a corresponding two-year purchase order has been received.
... A68: 61 | C68: Bharat Heavy Electricals Ltd. | D68: Bangalore | E68: Factrory Service | F68: Amol | G68: 9845660933 | H68: amolparchure@bhel.in | I68: 10000748/001 | J68: Contract | K68: No | L68: KXIND/S/PK/MC/25080 | M68: 45894 | N68: 187567 | O68: January | P68: January | Q68: 1 | R68: GEMC-511687790604779 | S68: 46003 | T68: 187567 | U68: January | V68: =N68-T68 -> 0 | W68: two-year commercial offer was submitted, and a corresponding two-year purchase order has been received.
A69: 62 | B69: 46034 | C69: Bharat Electronics Ltd | D69: Hyderabad | E69: MC & Store | F69: Shivaji J | G69: 8333984571 | H69: shivajij@bel.co.in | I69: 06007262/001 | J69: Midlife Upgrade | K69: Yes | L69: KXIND/S/MLU/PK25092 | M69: 45943 | N69: 1416700 | O69: January | P69: January | Q69: 1 | R69: 4000580475 | S69: 46024 | T69: 1360032 | U69: January | V69: 0 | W69: two-year commercial offer was submitted, and a corresponding two-year purchase order has been received.
A70: 63 | B70: 46034 | C70: Bosch Ltd | D70: Bangalore | E70: MOE12 | F70: Mythri Shivashankar | G70: 8197235093 | H70: mythri.shivashankar@in.bosch.com | I70: 08002159/001 | J70: SPP | K70: Yes | L70: KXIND/S/SPP/PK25093 | M70: 45943 | N70: 285320 | O70: January | P70: March | Q70: 0.7 | V70: =N70-T70 -> 285320
A71: 64 | B71: 46034 | C71: Trelleborg India Pvt Ltd | D71: Bangalore | E71: Maintenance | F71: Mouneesh | G71: 9739056664 | H71: Mounesha.Badiger@trelleborg.com | I71: 10004688/001 | J71: Upgrade kit | K71: Yes | L71: KXIND/S/SPP/PK25095 | M71: 45974 | N71: 536120 | O71: January | P71: May | Q71: 0.7 | V71: =N71-T71 -> 536120
A72: 65 | B72: 46034 | C72: Bosch Ltd | D72: Bangalore | E72: CBx | F72: Bikesh Kumar | G72: 9901350326 | H72: bikeshkumar.vadakkedath@in.bosch.com | I72: 16004188/001 | J72: Relocation | K72: No | L72: KXIND/S/Relocation/PK096 | M72: 45974 | N72: 336000 | O72: January | P72: March | Q72: 0.7 | V72: =N72-T72 -> 336000
A73: 66 | B73: 46034 | C73: Bosch Ltd | D73: Bangalore | E73: TEF 33 | F73: Balamurli | G73: 7899744400 | H73: balamurali.jagannatha@in.bosch.com | I73: 16001325/001 | J73: Upgrade kit | K73: Yes | L73: KXIND/S/SPP/PK25098 | M73: 45989 | N73: 87800 | O73: January | P73: January | Q73: 1 | R73: 85441774 | S73: 46006 | T73: 87800 | U73: January | V73: =N73-T73 -> 0
A74: 67 | B74: 46034 | C74: Pfizer Healthcare India Pvt Ltd (Formerly Hospira Healthcare) | D74: Vishakapatnam | E74: Engineering | F74: Avinash | G74: 87904 11883 | H74: avinash.kovvuru@pfizer.com | I74: 13004899/001 | J74: Contract | K74: No | L74: KXIND/S/PK/MC/25099 | M74: 45989 | N74: 109850 | O74: January | P74: March | Q74: 1 | V74: =N74-T74 -> 109850
A75: 137 | C75: Pfizer Healthcare India Pvt Ltd (Formerly Hospira Healthcare) | D75: Vishakapatnam | E75: Engineering | F75: Avinash | G75: 87904 11883 | H75: avinash.kovvuru@pfizer.com | I75: 13004911/001 | J75: Contract | K75: No | L75: KXIND/S/PK/MC/25099 | M75: 28/11/2025 | N75: 109850 | O75: January | P75: March | Q75: 1 | V75: =N75-T75 -> 109850
A76: 69 | C76: Pfizer Healthcare India Pvt Ltd (Formerly Hospira Healthcare) | D76: Vishakapatnam | E76: Engineering | F76: Avinash | G76: 87904 11883 | H76: avinash.kovvuru@pfizer.com | I76: 13004912/001 | J76: Contract | K76: No | L76: KXIND/S/PK/MC/25099 | M76: 28/11/2025 | N76: 109850 | O76: January | P76: March | Q76: 1 | V76: =N76-T76 -> 109850
A77: 70 | C77: Pfizer Healthcare India Pvt Ltd (Formerly Hospira Healthcare) | D77: Vishakapatnam | E77: Engineering | F77: Avinash | G77: 87904 11883 | H77: avinash.kovvuru@pfizer.com | I77: 13004595/001 | J77: Contract | K77: No | L77: KXIND/S/PK/MC/25099 | M77: 28/11/2025 | N77: 109850 | O77: January | P77: March | Q77: 1 | V77: =N77-T77 -> 109850
A78: 71 | C78: Pfizer Healthcare India Pvt Ltd (Formerly Hospira Healthcare) | D78: Vishakapatnam | E78: Engineering | F78: Avinash | G78: 87904 11883 | H78: avinash.kovvuru@pfizer.com | I78: 13004620/001 | J78: Contract | K78: No | L78: KXIND/S/PK/MC/25099 | M78: 28/11/2025 | N78: 109850 | O78: January | P78: March | Q78: 1 | V78: =N78-T78 -> 109850
A79: 72 | C79: Pfizer Healthcare India Pvt Ltd (Formerly Hospira Healthcare) | D79: Vishakapatnam | E79: Engineering | F79: Avinash | G79: 87904 11883 | H79: avinash.kovvuru@pfizer.com | I79: 13004517/001 | J79: Contract | K79: No | L79: KXIND/S/PK/MC/25099 | M79: 28/11/2025 | N79: 109850 | O79: January | P79: March | Q79: 1 | V79: =N79-T79 -> 109850
A80: 73 | C80: Pfizer Healthcare India Pvt Ltd (Formerly Hospira Healthcare) | D80: Vishakapatnam | E80: Engineering | F80: Avinash | G80: 87904 11883 | H80: avinash.kovvuru@pfizer.com | I80: 13004769/001 | J80: Contract | K80: No | L80: KXIND/S/PK/MC/25099 | M80: 28/11/2025 | N80: 109850 | O80: January | P80: March | Q80: 1 | V80: =N80-T80 -> 109850
A81: 74 | C81: Pfizer Healthcare India Pvt Ltd (Formerly Hospira Healthcare) | D81: Vishakapatnam | E81: Engineering | F81: Avinash | G81: 87904 11883 | H81: avinash.kovvuru@pfizer.com | I81: 13004572/001 | J81: Contract | K81: No | L81: KXIND/S/PK/MC/25099 | M81: 28/11/2025 | N81: 109850 | O81: January | P81: March | Q81: 1 | V81: =N81-T81 -> 109850
A82: 75 | C82: Pfizer Healthcare India Pvt Ltd (Formerly Hospira Healthcare) | D82: Vishakapatnam | E82: Engineering | F82: Avinash | G82: 87904 11883 | H82: avinash.kovvuru@pfizer.com | I82: 17007652/001 | J82: Contract | K82: No | L82: KXIND/S/PK/MC/25099 | M82: 28/11/2025 | N82: 109850 | O82: January | P82: March | Q82: 1 | V82: =N82-T82 -> 109850
A83: 76 | B83: 46034 | C83: Watson Pharma Pvt Ltd | D83: Goa | E83: Engineering | F83: Rajas Keshkamat | G83: 8668969287 | H83: Rajas.keshkamat@teva.co.in | I83: 17003030/001 | J83: Contract | K83: No | L83: KXIND/S/PK/MC/250100 | M83: 45992 | N83: 162426 | O83: January | P83: January | Q83: 1 | R83: 4200020634 | S83: 46045 | T83: 154304.7 | V83: 0 | W83: PO Received
A84: 77 | C84: Watson Pharma Pvt Ltd | D84: Goa | E84: Engineering | F84: Rajas Keshkamat | G84: 8668969287 | H84: Rajas.keshkamat@teva.co.in | I84: 17003030/002 | J84: Contract | K84: No | L84: KXIND/S/PK/MC/250100 | M84: 45992 | N84: 162426 | O84: January | P84: January | Q84: 1 | R84: 4200020634 | S84: 46045 | T84: 154304.7 | V84: 0 | W84: PO Received
A85: 78 | B85: 46034 | C85: BHARAT FRITZ WERNER LTD | D85: Bangalore | E85: Maintenance | F85: Suresh B | G85: 99457 66825 | H85: bsuresha@bfw.co.in | I85: 06008010/001 | J85: Contract | K85: No | L85: KXIND/S/PK/MC/250101 | M85: 45992 | N85: 78045 | O85: January | P85: February | Q85: 1 | R85: 800002731/O | S85: 46046 | T85: 78045 | U85: February | V85: =N85-T85 -> 0 | W85: PO Received
A86: 79 | C86: BHARAT FRITZ WERNER LTD | D86: Bangalore | E86: Maintenance | F86: Suresh B | G86: 99457 66825 | H86: bsuresha@bfw.co.in | I86: 06008011/001 | J86: Contract | K86: No | L86: KXIND/S/PK/MC/250101 | M86: 45992 | N86: 78045 | O86: January | P86: February | Q86: 1 | R86: 800002731/O | S86: 46046 | T86: 78045 | U86: February | V86: =N86-T86 -> 0 | W86: PO Received
A87: 80 | B87: 46034 | C87: Bosch Ltd | D87: Bangalore | E87: CP4 | F87: Amith | G87: 8884433748 | H87: Amith.Anand@in.bosch.com | I87: 16000982/001 | J87: Contract | K87: No | L87: KXIND/S/PK/MC/250102 | M87: 45992 | N87: 76440 | O87: January | P87: February | Q87: 1 | V87: =N87-T87 -> 76440
A88: 81 | C88: Bosch Ltd | D88: Bangalore | E88: CP4 | F88: Amith | G88: 8884433748 | H88: Amith.Anand@in.bosch.com | I88: 08002159/001 | J88: Contract | K88: No | L88: KXIND/S/PK/MC/250102 | M88: 45992 | N88: 76440 | O88: January | P88: February | Q88: 1 | V88: =N88-T88 -> 76440
